Module,File,Line,Hard-coded value,Expected config section/key
OpenSim.ConsoleClient,OpenSim/ConsoleClient/ConsoleClient.cs,71,"""Test""",Startup:user
OpenSim.ConsoleClient,OpenSim/ConsoleClient/ConsoleClient.cs,72,"""localhost""",Startup:host
OpenSim.ConsoleClient,OpenSim/ConsoleClient/ConsoleClient.cs,73,8003,Startup:port
OpenSim.ConsoleClient,OpenSim/ConsoleClient/ConsoleClient.cs,74,"""secret""",Startup:pass
OpenSim.Framework,OpenSim/Framework/RegionInfo.cs,556,9000,
OpenSim.Framework,OpenSim/Framework/RegionInfo.cs,570,false,
OpenSim.Framework,OpenSim/Framework/RegionInfo.cs,586,"""SYSTEMIP""",
OpenSim.Framework,OpenSim/Framework/RegionInfo.cs,618,"""<128, 128, 30>""",
OpenSim.Framework,OpenSim/Framework/RegionInfo.cs,632,0,
OpenSim.Framework,OpenSim/Framework/RegionInfo.cs,635,0,
OpenSim.Framework,OpenSim/Framework/RegionInfo.cs,638,0,
OpenSim.Framework,OpenSim/Framework/RegionInfo.cs,641,0,
OpenSim.Framework,OpenSim/Framework/RegionInfo.cs,644,false,
OpenSim.Framework,OpenSim/Framework/RegionInfo.cs,650,-1,
OpenSim.Framework,OpenSim/Framework/RegionInfo.cs,653,0,
OpenSim.Framework,OpenSim/Framework/RegionInfo.cs,668,100,
OpenSim.Framework,OpenSim/Framework/Util.cs,2321,""".""",Startup:ConfigDirectory
OpenSim.Server,OpenSim/Server/ServerMain.cs,116,30000,Startup:DnsTimeout
OpenSim.Server,OpenSim/Server/ServerMain.cs,126,""".""",Startup:RegistryLocation
OpenSim.Tools.Configger,OpenSim/Tools/Configger/ConfigurationLoader.cs,73,"""OpenSimDefaults.ini""",
OpenSim.Tools.Configger,OpenSim/Tools/Configger/Main.cs,44,"""ini""",Startup:format
pCampBot,OpenSim/Tools/pCampBot/BotManager.cs,293,0,
pCampBot,OpenSim/Tools/pCampBot/BotManager.cs,294,"""no""",
pCampBot,OpenSim/Tools/pCampBot/BotManager.cs,296,"""last""",
pCampBot,OpenSim/Tools/pCampBot/BotManager.cs,299,"""p""",
pCampBot,OpenSim/Tools/pCampBot/pCampBot.cs,103,1,
LaunchSLClient,OpenSim/Tools/LaunchSLClient/LaunchSLClient/Form1.cs,110,"""""",
LaunchSLClient,OpenSim/Tools/LaunchSLClient/LaunchSLClient/Form1.cs,111,"""""",
OpenSim.Services.AssetService,OpenSim/Services/AssetService/AssetService.cs,67,true,
OpenSim.Services.AssetService,OpenSim/Services/AssetService/XAssetService.cs,67,true,
OpenSim.Services.AssetService,OpenSim/Services/AssetService/XAssetServiceBase.cs,87,null,
OpenSim.Services.FreeswitchService,OpenSim/Services/FreeswitchService/FreeswitchServiceBase.cs,75,false,FreeswitchService:AttemptSTUN
OpenSim.Services.FSAssetService,OpenSim/Services/FSAssetService/FSAssetService.cs,98,false,
OpenSim.Services.FSAssetService,OpenSim/Services/FSAssetService/FSAssetService.cs,128,"""fsassets""",
OpenSim.Services.FSAssetService,OpenSim/Services/FSAssetService/FSAssetService.cs,130,0,
OpenSim.Services.FSAssetService,OpenSim/Services/FSAssetService/FSAssetService.cs,178,"""/tmp""",
OpenSim.Services.GridService,OpenSim/Services/GridService/GridService.cs,73,true,GridService:DeleteOnUnregister
OpenSim.Services.GridService,OpenSim/Services/GridService/GridService.cs,205,"""true""",GridService:ExportSupported
OpenSim.Services.GridService,OpenSim/Services/GridService/HypergridLinker.cs,75,false,GridService:HypergridLinker
OpenSim.Services.GridService,OpenSim/Services/GridService/HypergridLinker.cs,93,true,GridService:Check4096
OpenSim.Services.GridService,OpenSim/Services/GridService/HypergridLinker.cs,95,"""maptiles""",GridService:MapTileDirectory
OpenSim.Services.GridService,OpenSim/Services/GridService/HypergridLinker.cs,752,"""0""",
OpenSim.Services.GridService,OpenSim/Services/GridService/HypergridLinker.cs,753,"""0""",
OpenSim.Services.GridService,OpenSim/Services/GridService/HypergridLinker.cs,754,"""0""",
OpenSim.Services.GridService,OpenSim/Services/GridService/HypergridLinker.cs,755,"""""",
OpenSim.Services.GridService,OpenSim/Services/GridService/HypergridLinker.cs,756,"""0""",
OpenSim.Services.GridService,OpenSim/Services/GridService/HypergridLinker.cs,757,"""0""",
OpenSim.Services.GridService,OpenSim/Services/GridService/HypergridLinker.cs,775,"""""",
OpenSim.Services.HypergridService,OpenSim/Services/HypergridService/GatekeeperService.cs,103,"""Welcome to OpenSim!""",GatekeeperService:WelcomeMessage
OpenSim.Services.HypergridService,OpenSim/Services/HypergridService/GatekeeperService.cs,104,true,GatekeeperService:AllowTeleportsToAnyRegion
OpenSim.Services.HypergridService,OpenSim/Services/HypergridService/GatekeeperService.cs,185,true,GatekeeperService:ForeignAgentsAllowed
OpenSim.Services.HypergridService,OpenSim/Services/HypergridService/HGAssetService.cs,92,"""OpenSim.Services.AssetService.dll:AssetService""",
OpenSim.Services.HypergridService,OpenSim/Services/HypergridService/HGInstantMessageService.cs,120,false,HGInstantMessageService:InGatekeeper
OpenSim.Services.HypergridService,OpenSim/Services/HypergridService/HGInstantMessageService.cs,130,false,Messaging:ForwardOfflineGroupMessages
OpenSim.Services.HypergridService,OpenSim/Services/HypergridService/UserAgentService.cs,116,false,UserAgentService:BypassClientVerification
OpenSim.Services.HypergridService,OpenSim/Services/HypergridService/UserAgentService.cs,130,0,UserAgentService:LevelOutsideContacts
OpenSim.Services.HypergridService,OpenSim/Services/HypergridService/UserAgentService.cs,131,true,UserAgentService:ShowUserDetailsInHGProfile
OpenSim.Services.InventoryService,OpenSim/Services/InventoryService/LibraryService.cs,175,"""unknown""",
OpenSim.Services.InventoryService,OpenSim/Services/InventoryService/LibraryService.cs,177,8,
OpenSim.Services.InventoryService,OpenSim/Services/InventoryService/LibraryService.cs,178,1,
OpenSim.Services.InventoryService,OpenSim/Services/InventoryService/LibraryService.cs,210,0,
OpenSim.Services.InventoryService,OpenSim/Services/InventoryService/LibraryService.cs,217,0,
OpenSim.Services.InventoryService,OpenSim/Services/InventoryService/XInventoryService.cs,71,true,
OpenSim.Services.LLLoginService,OpenSim/Services/LLLoginService/LLLoginService.cs,120,"""Welcome to OpenSim!""",
OpenSim.Services.LLLoginService,OpenSim/Services/LLLoginService/LLLoginService.cs,121,true,
OpenSim.Services.LLLoginService,OpenSim/Services/LLLoginService/LLLoginService.cs,122,false,
OpenSim.Services.LLLoginService,OpenSim/Services/LLLoginService/LLLoginService.cs,123,0,
OpenSim.Services.LLLoginService,OpenSim/Services/LLLoginService/LLLoginService.cs,185,"""Welcome to OpenSim!""",
OpenSim.Services.LLLoginService,OpenSim/Services/LLLoginService/LLLoginService.cs,189,"""America/Los_Angeles;Pacific Standard Time""",
OpenSim.Services.LLLoginService,OpenSim/Services/LLLoginService/LLLoginService.cs,1161,0,
OpenSim.Services.UserAccountService,OpenSim/Services/UserAccountService/UserAccountService.cs,87,false,UserAccountService:CreateDefaultAvatarEntries
OpenSim.Services.Connectors,OpenSim/Services/Connectors/Asset/HGAssetServiceConnector.cs,48,"""""",Modules:AssetServices
OpenSim.Services.Connectors,OpenSim/Services/Connectors/Authorization/AuthorizationServicesConnector.cs,84,true,AuthorizationService:ResponseOnFailure
OpenSim.Services.Connectors,OpenSim/Services/Connectors/Inventory/XInventoryServicesConnector.cs,113,-1,
OpenSim.Server.Base,OpenSim/Server/Base/HttpServerBase.cs,63,0,Network:port
OpenSim.Server.Base,OpenSim/Server/Base/HttpServerBase.cs,71,false,Network:https_main
OpenSim.Server.Base,OpenSim/Server/Base/HttpServerBase.cs,72,false,Network:https_listener
OpenSim.Server.Base,OpenSim/Server/Base/HttpServerBase.cs,73,false,Network:https_external
OpenSim.Server.Base,OpenSim/Server/Base/HttpServerBase.cs,75,0,Network:ConsolePort
OpenSim.Server.Base,OpenSim/Server/Base/HttpServerBase.cs,117,0,Network:https_port
OpenSim.Server.Base,OpenSim/Server/Base/ServicesServerBase.cs,137,false,Startup:EnableRobustSelfsignedCertSupport
OpenSim.Server.Handlers.Asset,OpenSim/Server/Handlers/Asset/AssetServerConnector.cs,68,false,
OpenSim.Server.Handlers.Asset,OpenSim/Server/Handlers/Asset/AssetServerConnector.cs,69,false,
OpenSim.Server.Handlers.Grid,OpenSim/Server/Handlers/Grid/GridInfoHandlers.cs,81,false,GridInfoService:DisableStatsEndpoint
OpenSim.Server.Handlers.Grid,OpenSim/Server/Handlers/Grid/GridInfoServerInConnector.cs,51,false,GridInfoService:DisableStatsEndpoint
OpenSim.Server.Handlers.Hypergrid,OpenSim/Server/Handlers/Hypergrid/GatekeeperServerConnector.cs,70,false,GatekeeperService:HasProxy
OpenSim.Server.Handlers.Hypergrid,OpenSim/Server/Handlers/Hypergrid/UserAgentServerConnector.cs,88,"""127.0.0.1""",UserAgentService:LoginServerIP
OpenSim.Server.Handlers.Hypergrid,OpenSim/Server/Handlers/Hypergrid/UserAgentServerConnector.cs,89,false,UserAgentService:HasProxy
OpenSim.Server.Handlers.Hypergrid,OpenSim/Server/Handlers/Hypergrid/UserAgentServerConnector.cs,91,false,UserAgentService:VerifyCallers
OpenSim.Server.Handlers.Hypergrid,OpenSim/Server/Handlers/Hypergrid/UserAgentServerConnector.cs,92,"""127.0.0.1""",UserAgentService:AuthorizedCallers
OpenSim.Server.Handlers.Inventory,OpenSim/Server/Handlers/Inventory/InventoryServerInConnector.cs,80,false,
OpenSim.Server.Handlers.Land,OpenSim/Server/Handlers/Land/LandServiceInConnector.cs,58,false,
OpenSim.Server.Handlers.Login,OpenSim/Server/Handlers/Login/LLLoginServiceInConnector.cs,91,false,LoginService:HasProxy
OpenSim.Server.Handlers.Login,OpenSim/Server/Handlers/Login/LLLoginServiceInConnector.cs,94,false,LoginService:DOSAllowXForwardedForHeader
OpenSim.Server.Handlers.Login,OpenSim/Server/Handlers/Login/LLLoginServiceInConnector.cs,96,10000,LoginService:DOSRequestTimeFrameMS
OpenSim.Server.Handlers.Login,OpenSim/Server/Handlers/Login/LLLoginServiceInConnector.cs,97,5,LoginService:DOSMaxRequestsInTimeFrame
OpenSim.Server.Handlers.Login,OpenSim/Server/Handlers/Login/LLLoginServiceInConnector.cs,99,120000,LoginService:DOSForgiveClientAfterMS
OpenSim.Server.Handlers.MapImage,OpenSim/Server/Handlers/Map/MapAddServerConnector.cs,81,false,
OpenSim.Server.Handlers.Neighbour,OpenSim/Server/Handlers/Neighbour/NeighbourServiceInConnector.cs,59,false,
OpenSim.Server.Handlers.Profiles,OpenSim/Server/Handlers/Profiles/UserProfilesConnector.cs,72,false,
OpenSim,OpenSim/Region/Application/ConfigurationLoader.cs,85,"""OpenSim.ini.template""",Startup:inimaster
OpenSim,OpenSim/Region/Application/ConfigurationLoader.cs,118,"""OpenSim.ini""",Startup:inifile
OpenSim,OpenSim/Region/Application/ConfigurationLoader.cs,170,"""config""",Startup:inidirectory
OpenSim,OpenSim/Region/Application/ConfigurationLoader.cs,423,"""OpenSim.Region.ClientStack.LindenUDP.dll""",Startup:clientstack_plugin
OpenSim,OpenSim/Region/Application/OpenSim.cs,99,"""startup_commands.txt""",Startup:startup_console_commands_file
OpenSim,OpenSim/Region/Application/OpenSim.cs,100,"""shutdown_commands.txt""",Startup:shutdown_console_commands_file
OpenSim,OpenSim/Region/Application/OpenSim.cs,103,false,Startup:gui
OpenSim,OpenSim/Region/Application/OpenSim.cs,108,0,Network:console_port
OpenSim,OpenSim/Region/Application/OpenSim.cs,110,"""disabled""",Startup:timer_Script
OpenSim,OpenSim/Region/Application/OpenSim.cs,113,1200,Startup:timer_Interval
OpenSim,OpenSim/Region/Application/OpenSim.cs,121,2,Startup:MinPoolThreads
OpenSim,OpenSim/Region/Application/OpenSim.cs,122,25,Startup:MaxPoolThreads
OpenSim,OpenSim/Region/Application/OpenSim.cs,125,30000,Startup:DnsTimeout
OpenSim,OpenSim/Region/Application/OpenSimBase.cs,166,"""""",Network:proxy_url
OpenSim,OpenSim/Region/Application/OpenSimBase.cs,167,"""0""",Network:proxy_offset
OpenSim,OpenSim/Region/Application/OpenSimBase.cs,173,true,Startup:LogOverloads
OpenSim,OpenSim/Region/Application/OpenSimBase.cs,223,false,Startup:CombineContiguousRegions
OpenSim,OpenSim/Region/Application/OpenSimBase.cs,235,true,Startup:SecurePermissionsLoading
OpenSim,OpenSim/Region/Application/OpenSimBase.cs,353,true,Startup:JobEngineEnabled
OpenSim,OpenSim/Region/Application/OpenSimBase.cs,358,false,Startup:EnableSelfsignedCertSupport
OpenSim,OpenSim/Region/Application/OpenSimBase.cs,371,false,Startup:EnableCertConverter
OpenSim.Region.ScriptEngine.Yengine,OpenSim/Region/ScriptEngine/YEngine/XMREngine.cs,207,false,
OpenSim.Region.ScriptEngine.Yengine,OpenSim/Region/ScriptEngine/YEngine/XMREngine.cs,212,2,
OpenSim.Region.ScriptEngine.Yengine,OpenSim/Region/ScriptEngine/YEngine/XMREngine.cs,213,"""Normal""",
OpenSim.Region.ScriptEngine.Yengine,OpenSim/Region/ScriptEngine/YEngine/XMREngine.cs,214,false,
OpenSim.Region.ScriptEngine.Yengine,OpenSim/Region/ScriptEngine/YEngine/XMREngine.cs,215,false,
OpenSim.Region.ScriptEngine.Yengine,OpenSim/Region/ScriptEngine/YEngine/XMREngine.cs,216,false,
OpenSim.Region.ScriptEngine.Yengine,OpenSim/Region/ScriptEngine/YEngine/XMREngine.cs,217,false,
OpenSim.Region.ScriptEngine.Yengine,OpenSim/Region/ScriptEngine/YEngine/XMREngine.cs,218,false,
OpenSim.Region.ScriptEngine.Yengine,OpenSim/Region/ScriptEngine/YEngine/XMREngine.cs,220,2048,
OpenSim.Region.ScriptEngine.Yengine,OpenSim/Region/ScriptEngine/YEngine/XMREngine.cs,221,1024,
OpenSim.Region.ScriptEngine.Yengine,OpenSim/Region/ScriptEngine/YEngine/XMREngine.cs,264,10,
OpenSim.Region.ScriptEngine.Shared.Api,OpenSim/Region/ScriptEngine/Shared/Api/Implementation/AsyncCommandManager.cs,186,100,
OpenSim.Region.ScriptEngine.Shared.Api,OpenSim/Region/ScriptEngine/Shared/Api/Implementation/LSL_Api.cs,399,false,
OpenSim.Region.ScriptEngine.Shared.Api,OpenSim/Region/ScriptEngine/Shared/Api/Implementation/LSL_Api.cs,444,false,
OpenSim.Region.ScriptEngine.Shared.Api,OpenSim/Region/ScriptEngine/Shared/Api/Implementation/LSL_Api.cs,446,true,
OpenSim.Region.ScriptEngine.Shared.Api,OpenSim/Region/ScriptEngine/Shared/Api/Implementation/LS_Api.cs,75,false,
OpenSim.Region.ScriptEngine.Shared.Api,OpenSim/Region/ScriptEngine/Shared/Api/Implementation/MOD_Api.cs,80,false,
OpenSim.Region.ScriptEngine.Shared.Api,OpenSim/Region/ScriptEngine/Shared/Api/Implementation/OSSL_Api.cs,192,true,
OpenSim.Region.ScriptEngine.Shared.Api,OpenSim/Region/ScriptEngine/Shared/Api/Implementation/OSSL_Api.cs,203,"""VeryLow""",
OpenSim.Region.ScriptEngine.Shared.Api.Plugins,OpenSim/Region/ScriptEngine/Shared/Api/Implementation/Plugins/SensorRepeat.cs,83,16,
OpenSim.Region.PhysicsModule.BulletS,OpenSim/Region/PhysicsModules/BulletS/BSScene.cs,386,"""BulletUnmanaged""",BulletSim:BulletEngine
OpenSim.Region.PhysicsModule.BulletS,OpenSim/Region/PhysicsModules/BulletS/BSScene.cs,390,false,BulletSim:PhysicsLoggingEnabled
OpenSim.Region.PhysicsModule.BulletS,OpenSim/Region/PhysicsModules/BulletS/BSScene.cs,391,""".""",BulletSim:PhysicsLoggingDir
OpenSim.Region.PhysicsModule.BulletS,OpenSim/Region/PhysicsModules/BulletS/BSScene.cs,392,"""physics-%REGIONNAME%-""",BulletSim:PhysicsLoggingPrefix
OpenSim.Region.PhysicsModule.BulletS,OpenSim/Region/PhysicsModules/BulletS/BSScene.cs,393,5,BulletSim:PhysicsLoggingFileMinutes
OpenSim.Region.PhysicsModule.BulletS,OpenSim/Region/PhysicsModules/BulletS/BSScene.cs,394,false,BulletSim:PhysicsLoggingDoFlush
OpenSim.Region.PhysicsModule.BulletS,OpenSim/Region/PhysicsModules/BulletS/BSScene.cs,395,false,BulletSim:PhysicsPhysicalDumpEnabled
OpenSim.Region.PhysicsModule.BulletS,OpenSim/Region/PhysicsModules/BulletS/BSScene.cs,397,false,BulletSim:VehicleLoggingEnabled
OpenSim.Region.PhysicsModule.BulletS,OpenSim/Region/PhysicsModules/BulletS/BSScene.cs,398,false,BulletSim:VehiclePhysicalLoggingEnabled
OpenSim.Region.PhysicsModule.Meshing,OpenSim/Region/PhysicsModules/Meshing/Meshmerizer/Meshmerizer.cs,102,"""j2kDecodeCache""",Startup:DecodedSculptMapPath
OpenSim.Region.UserStatistics,OpenSim/Region/OptionalModules/UserStatistics/WebStatsModule.cs,84,false,WebStats:enabled
OpenSim.Region.OptionalModules.ViewerSupport,OpenSim/Region/OptionalModules/ViewerSupport/CameraOnlyModeModule.cs,79,false,CameraOnlyModeModule:enabled
OpenSim.Region.OptionalModules.ViewerSupport,OpenSim/Region/OptionalModules/ViewerSupport/CameraOnlyModeModule.cs,82,0,CameraOnlyModeModule:UserLevel
OpenSim.Region.OptionalModules.ViewerSupport,OpenSim/Region/OptionalModules/ViewerSupport/DynamicFloaterModule.cs,77,false,DynamicFloaterModule:enabled
OpenSim.Region.OptionalModules.ViewerSupport,OpenSim/Region/OptionalModules/ViewerSupport/DynamicMenuModule.cs,82,false,DynamicMenuModule:enabled
OpenSim.Region.OptionalModules.ViewerSupport,OpenSim/Region/OptionalModules/ViewerSupport/GodNamesModule.cs,61,false,GodNames:Enabled
OpenSim.Region.OptionalModules.ViewerSupport,OpenSim/Region/OptionalModules/ViewerSupport/SpecialUIModule.cs,80,false,SpecialUIModule:enabled
OpenSim.Region.OptionalModules.ViewerSupport,OpenSim/Region/OptionalModules/ViewerSupport/SpecialUIModule.cs,83,0,SpecialUIModule:UserLevel
OpenSim.Region.OptionalModules.World.AutoBackup,OpenSim/Region/OptionalModules/World/AutoBackup/AutoBackupModule.cs,158,false,AutoBackupModule:AutoBackupModuleEnabled
OpenSim.Region.OptionalModules.World.AutoBackup,OpenSim/Region/OptionalModules/World/AutoBackup/AutoBackupModule.cs,337,""".""",
OpenSim.Region.OptionalModules.World.AutoBackup,OpenSim/Region/OptionalModules/World/AutoBackup/AutoBackupModule.cs,356,720,
OpenSim.Region.OptionalModules.World.MoneyModule,OpenSim/Region/OptionalModules/World/MoneyModule/SampleMoneyModule.cs,264,"""""",Startup:economymodule
OpenSim.Region.OptionalModules.World.MoneyModule,OpenSim/Region/OptionalModules/World/MoneyModule/SampleMoneyModule.cs,269,"""""",Economy:economymodule
OpenSim.Region.OptionalModules.World.MoneyModule,OpenSim/Region/OptionalModules/World/MoneyModule/SampleMoneyModule.cs,271,"""""",Economy:EconomyModule
OpenSim.Region.OptionalModules.World.MoneyModule,OpenSim/Region/OptionalModules/World/MoneyModule/SampleMoneyModule.cs,285,0,Economy:PriceEnergyUnit
OpenSim.Region.OptionalModules.World.MoneyModule,OpenSim/Region/OptionalModules/World/MoneyModule/SampleMoneyModule.cs,286,0,Economy:PriceObjectClaim
OpenSim.Region.OptionalModules.World.MoneyModule,OpenSim/Region/OptionalModules/World/MoneyModule/SampleMoneyModule.cs,287,4,Economy:PricePublicObjectDecay
OpenSim.Region.OptionalModules.World.MoneyModule,OpenSim/Region/OptionalModules/World/MoneyModule/SampleMoneyModule.cs,288,0,Economy:PricePublicObjectDelete
OpenSim.Region.OptionalModules.World.MoneyModule,OpenSim/Region/OptionalModules/World/MoneyModule/SampleMoneyModule.cs,289,0,Economy:PriceParcelClaim
OpenSim.Region.OptionalModules.World.MoneyModule,OpenSim/Region/OptionalModules/World/MoneyModule/SampleMoneyModule.cs,291,0,Economy:PriceUpload
OpenSim.Region.OptionalModules.World.MoneyModule,OpenSim/Region/OptionalModules/World/MoneyModule/SampleMoneyModule.cs,292,0,Economy:PriceRentLight
OpenSim.Region.OptionalModules.World.MoneyModule,OpenSim/Region/OptionalModules/World/MoneyModule/SampleMoneyModule.cs,293,0,Economy:TeleportMinPrice
OpenSim.Region.OptionalModules.World.MoneyModule,OpenSim/Region/OptionalModules/World/MoneyModule/SampleMoneyModule.cs,295,1,Economy:EnergyEfficiency
OpenSim.Region.OptionalModules.World.MoneyModule,OpenSim/Region/OptionalModules/World/MoneyModule/SampleMoneyModule.cs,296,0,Economy:PriceObjectRent
OpenSim.Region.OptionalModules.World.MoneyModule,OpenSim/Region/OptionalModules/World/MoneyModule/SampleMoneyModule.cs,297,10,Economy:PriceObjectScaleFactor
OpenSim.Region.OptionalModules.World.MoneyModule,OpenSim/Region/OptionalModules/World/MoneyModule/SampleMoneyModule.cs,298,0,Economy:PriceParcelRent
OpenSim.Region.OptionalModules.World.MoneyModule,OpenSim/Region/OptionalModules/World/MoneyModule/SampleMoneyModule.cs,299,-1,Economy:PriceGroupCreate
OpenSim.Region.OptionalModules.World.MoneyModule,OpenSim/Region/OptionalModules/World/MoneyModule/SampleMoneyModule.cs,300,true,Economy:SellEnabled
OpenSim.Region.OptionalModules.World.NPC,OpenSim/Region/OptionalModules/World/NPC/NPCModule.cs,64,true,NPC:Enabled
OpenSim.Region.OptionalModules.World.NPC,OpenSim/Region/OptionalModules/World/NPC/NPCModule.cs,68,true,NPC:AllowNotOwned
OpenSim.Region.OptionalModules.World.NPC,OpenSim/Region/OptionalModules/World/NPC/NPCModule.cs,71,true,NPC:AllowSenseAsAvatar
OpenSim.Region.OptionalModules.World.NPC,OpenSim/Region/OptionalModules/World/NPC/NPCModule.cs,74,true,NPC:AllowCloneOtherAvatars
OpenSim.Region.OptionalModules.World.NPC,OpenSim/Region/OptionalModules/World/NPC/NPCModule.cs,77,true,NPC:NoNPCGroup
OpenSim.Region.CoreModules.ServiceConnectorsIn.Freeswitch,OpenSim/Region/OptionalModules/ServiceConnectorsIn/Freeswitch/FreeswitchServiceInConnectorModule.cs,59,false,Modules:FreeswitchServiceInConnector
OpenSim.Region.OptionalModules.Scripting.RegionReady,OpenSim/Region/OptionalModules/Scripting/RegionReadyModule/RegionReadyModule.cs,78,false,
OpenSim.Region.OptionalModules.Scripting.RegionReady,OpenSim/Region/OptionalModules/Scripting/RegionReadyModule/RegionReadyModule.cs,83,false,
OpenSim.Region.OptionalModules.Avatar.Chat,OpenSim/Region/OptionalModules/Avatar/Chat/ChannelState.cs,163,null,
OpenSim.Region.OptionalModules.Avatar.Chat,OpenSim/Region/OptionalModules/Avatar/Chat/ChannelState.cs,165,null,
OpenSim.Region.OptionalModules.Avatar.Chat,OpenSim/Region/OptionalModules/Avatar/Chat/ChannelState.cs,167,null,
OpenSim.Region.OptionalModules.Avatar.Chat,OpenSim/Region/OptionalModules/Avatar/Chat/ChannelState.cs,168,null,
OpenSim.Region.OptionalModules.Avatar.Chat,OpenSim/Region/OptionalModules/Avatar/Chat/ChannelState.cs,214,"""""",
OpenSim.Region.OptionalModules.Avatar.Chat,OpenSim/Region/OptionalModules/Avatar/Chat/IRCBridgeModule.cs,79,false,
OpenSim.Region.OptionalModules.Avatar.Chat,OpenSim/Region/OptionalModules/Avatar/Chat/RegionState.cs,93,false,
OpenSim.Region.OptionalModules.Avatar.Chat,OpenSim/Region/OptionalModules/Avatar/Chat/RegionState.cs,98,true,
OpenSim.Region.OptionalModules.Avatar.Chat,OpenSim/Region/OptionalModules/Avatar/Chat/RegionState.cs,102,"""""",
OpenSim.Region.OptionalModules.Avatar.Chat,OpenSim/Region/OptionalModules/Avatar/Chat/RegionState.cs,102,"""""",
OpenSim.Region.OptionalModules.Avatar.Chat,OpenSim/Region/OptionalModules/Avatar/Chat/RegionState.cs,102,"""""",
OpenSim.Region.OptionalModules.Avatar.Chat,OpenSim/Region/OptionalModules/Avatar/Chat/RegionState.cs,104,"""This region is linked to Irc.""",
OpenSim.Region.OptionalModules.Avatar.Chat,OpenSim/Region/OptionalModules/Avatar/Chat/RegionState.cs,105,"""Everything you say in public chat can be listened.""",
OpenSim.Region.OptionalModules.Avatar.Concierge,OpenSim/Region/OptionalModules/Avatar/Concierge/ConciergeModule.cs,85,false,Concierge:enabled
OpenSim.Region.OptionalModules.Avatar.Concierge,OpenSim/Region/OptionalModules/Avatar/Concierge/ConciergeModule.cs,115,"""conferencier""",Concierge:whoami
OpenSim.Region.OptionalModules.Avatar.XmlRpcGroups,OpenSim/Region/OptionalModules/Avatar/XmlRpcGroups/GroupsMessagingModule.cs,97,false,Groups:Enabled
OpenSim.Region.OptionalModules.Avatar.XmlRpcGroups,OpenSim/Region/OptionalModules/Avatar/XmlRpcGroups/GroupsMessagingModule.cs,98,"""""",Groups:MessagingModule
OpenSim.Region.OptionalModules.Avatar.XmlRpcGroups,OpenSim/Region/OptionalModules/Avatar/XmlRpcGroups/GroupsMessagingModule.cs,104,true,Groups:MessagingEnabled
OpenSim.Region.OptionalModules.Avatar.XmlRpcGroups,OpenSim/Region/OptionalModules/Avatar/XmlRpcGroups/GroupsMessagingModule.cs,111,false,Groups:MessageOnlineUsersOnly
OpenSim.Region.OptionalModules.Avatar.XmlRpcGroups,OpenSim/Region/OptionalModules/Avatar/XmlRpcGroups/GroupsModule.cs,104,false,Groups:Enabled
OpenSim.Region.OptionalModules.Avatar.XmlRpcGroups,OpenSim/Region/OptionalModules/Avatar/XmlRpcGroups/GroupsModule.cs,108,"""Default""",Groups:Module
OpenSim.Region.OptionalModules.Avatar.XmlRpcGroups,OpenSim/Region/OptionalModules/Avatar/XmlRpcGroups/GroupsModule.cs,116,true,Groups:NoticesEnabled
OpenSim.Region.OptionalModules.Avatar.XmlRpcGroups,OpenSim/Region/OptionalModules/Avatar/XmlRpcGroups/GroupsModule.cs,117,false,Groups:DebugEnabled
OpenSim.Region.OptionalModules.Avatar.XmlRpcGroups,OpenSim/Region/OptionalModules/Avatar/XmlRpcGroups/GroupsModule.cs,118,0,Groups:LevelGroupCreate
OpenSim.Region.OptionalModules.Avatar.XmlRpcGroups,OpenSim/Region/OptionalModules/Avatar/XmlRpcGroups/XmlRpcGroupsServicesConnectorModule.cs,165,false,Groups:Enabled
OpenSim.Region.OptionalModules.Avatar.XmlRpcGroups,OpenSim/Region/OptionalModules/Avatar/XmlRpcGroups/XmlRpcGroupsServicesConnectorModule.cs,166,"""XmlRpcGroupsServicesConnector""",Groups:ServicesConnectorModule
OpenSim.Region.OptionalModules.Avatar.XmlRpcGroups,OpenSim/Region/OptionalModules/Avatar/XmlRpcGroups/XmlRpcGroupsServicesConnectorModule.cs,182,true,Groups:XmlRpcDisableKeepAlive
OpenSim.Region.OptionalModules.Avatar.XmlRpcGroups,OpenSim/Region/OptionalModules/Avatar/XmlRpcGroups/XmlRpcGroupsServicesConnectorModule.cs,187,30,Groups:GroupsCacheTimeout
OpenSim.Region.OptionalModules.Avatar.XmlRpcGroups,OpenSim/Region/OptionalModules/Avatar/XmlRpcGroups/XmlRpcGroupsServicesConnectorModule.cs,198,false,Groups:DebugEnabled
OpenSim.Region.OptionalModules.Avatar.Voice.FreeSwitchVoice,OpenSim/Region/OptionalModules/Avatar/Voice/FreeSwitchVoice/FreeSwitchVoiceModule.cs,109,false,
OpenSim.Region.OptionalModules.Avatar.Voice.VivoxVoice,OpenSim/Region/OptionalModules/Avatar/Voice/VivoxVoice/VivoxVoiceModule.cs,123,false,
OpenSim.Region.OptionalModules.Avatar.Voice.VivoxVoice,OpenSim/Region/OptionalModules/Avatar/Voice/VivoxVoice/VivoxVoiceModule.cs,143,false,
OpenSim.Region.Framework.Scenes,OpenSim/Region/Framework/Scenes/Scene.cs,903,false,Startup:StartDisabled
OpenSim.Region.Framework.Scenes,OpenSim/Region/Framework/Scenes/Scene.cs,929,false,Startup:enableflyslow
OpenSim.Region.Framework.Scenes,OpenSim/Region/Framework/Scenes/Scene.cs,933,20,Startup:MaxPrimUndos
OpenSim.Region.Framework.Scenes,OpenSim/Region/Framework/Scenes/Scene.cs,935,true,Startup:physical_prim
OpenSim.Region.Framework.Scenes,OpenSim/Region/Framework/Scenes/Scene.cs,936,true,Startup:collidable_prim
OpenSim.Region.Framework.Scenes,OpenSim/Region/Framework/Scenes/Scene.cs,981,"""closest""",Startup:SpawnPointRouting
OpenSim.Region.Framework.Scenes,OpenSim/Region/Framework/Scenes/Scene.cs,982,false,Startup:TelehubAllowLandmark
OpenSim.Region.Framework.Scenes,OpenSim/Region/Framework/Scenes/Scene.cs,1001,"""YEngine""",Startup:DefaultScriptEngine
OpenSim.Region.Framework.Scenes,OpenSim/Region/Framework/Scenes/Scene.cs,1091,false,EntityTransfer:DisableObjectTransfer
OpenSim.Region.Framework.Scenes,OpenSim/Region/Framework/Scenes/Scene.cs,1099,"""Time""",InterestManagement:UpdatePrioritizationScheme
OpenSim.Region.Framework.Scenes,OpenSim/Region/Framework/Scenes/Scene.cs,1414,false,Startup:InworldRestartShutsDown
OpenSim.Region.Framework.Scenes,OpenSim/Region/Framework/Scenes/ScenePresence.cs,1184,"""LandingPointBehavior_OS""",EntityTransfer:LandingPointBehavior
OpenSim.Region.CoreModules.World.Estate,OpenSim/Region/CoreModules/World/Estate/EstateManagementModule.cs,94,true,EstateManagement:AllowRegionRestartFromClient
OpenSim.Region.CoreModules.World.Estate,OpenSim/Region/CoreModules/World/Estate/EstateManagementModule.cs,95,true,EstateManagement:IgnoreEstateMinorAccessControl
OpenSim.Region.CoreModules.World.Estate,OpenSim/Region/CoreModules/World/Estate/EstateManagementModule.cs,96,true,EstateManagement:IgnoreEstatePaymentAccessControl
OpenSim.Region.CoreModules.World.Estate,OpenSim/Region/CoreModules/World/Estate/EstateModule.cs,82,0,Estates:Port
OpenSim.Region.CoreModules.World.Land,OpenSim/Region/CoreModules/World/Land/LandManagementModule.cs,146,"""Admin Parcel""",LandManagement:DefaultAdministratorParcelName
OpenSim.Region.CoreModules.World.Region,OpenSim/Region/CoreModules/World/Region/RestartModule.cs,75,false,Startup:SkipDelayOnEmptyRegion
OpenSim.Region.CoreModules.World.Region,OpenSim/Region/CoreModules/World/Region/RestartModule.cs,76,false,Startup:InworldRestartShutsDown
OpenSim.Region.CoreModules.World.Sound,OpenSim/Region/CoreModules/World/Sound/SoundModule.cs,78,"""OpenSim.Region.CoreModules.dll:SoundModule""",Sounds:Module
OpenSim.Region.CoreModules,OpenSim/Region/CoreModules/World/Wind/WindModule.cs,74,true,
OpenSim.Region.CoreModules,OpenSim/Region/CoreModules/World/Wind/WindModule.cs,76,150,
OpenSim.Region.CoreModules.World.Media.Moap,OpenSim/Region/CoreModules/World/Media/Moap/MoapModule.cs,72,false,MediaOnAPrim:Enabled
OpenSim.Region.CoreModules.ServiceConnectorsOut.AgentPreferences,OpenSim/Region/CoreModules/ServiceConnectorsOut/AgentPreferences/LocalAgentPreferencesServiceConnector.cs,68,"""""",Modules:AgentPreferencesServices
OpenSim.Region.CoreModules.ServiceConnectorsOut.AgentPreferences,OpenSim/Region/CoreModules/ServiceConnectorsOut/AgentPreferences/RemoteAgentPreferencesServiceConnector.cs,69,"""""",Modules:AgentPreferencesServices
OpenSim.Region.CoreModules.ServiceConnectorsOut.Asset,OpenSim/Region/CoreModules/ServiceConnectorsOut/Asset/LocalAssetServiceConnector.cs,68,"""""",Modules:AssetServices
OpenSim.Region.CoreModules.ServiceConnectorsOut.Asset,OpenSim/Region/CoreModules/ServiceConnectorsOut/Asset/RegionAssetConnectorModule.cs,98,"""""",Modules:AssetServices
OpenSim.Region.CoreModules.ServiceConnectorsOut.Authentication,OpenSim/Region/CoreModules/ServiceConnectorsOut/Authentication/LocalAuthenticationServiceConnector.cs,71,"""""",Modules:AuthenticationServices
OpenSim.Region.CoreModules.ServiceConnectorsOut.Authentication,OpenSim/Region/CoreModules/ServiceConnectorsOut/Authentication/RemoteAuthenticationServiceConnector.cs,65,"""""",Modules:AuthenticationServices
OpenSim.Region.CoreModules.ServiceConnectorsOut.Authorization,OpenSim/Region/CoreModules/ServiceConnectorsOut/Authorization/RemoteAuthorizationServiceConnector.cs,69,"""""",Modules:AuthorizationServices
OpenSim.Region.CoreModules.ServiceConnectorsOut.Avatar,OpenSim/Region/CoreModules/ServiceConnectorsOut/Avatar/LocalAvatarServiceConnector.cs,72,"""""",Modules:AvatarServices
OpenSim.Region.CoreModules.ServiceConnectorsOut.Avatar,OpenSim/Region/CoreModules/ServiceConnectorsOut/Avatar/RemoteAvatarServiceConnector.cs,65,"""""",Modules:AvatarServices
OpenSim.Region.CoreModules.ServiceConnectorsOut.GridUser,OpenSim/Region/CoreModules/ServiceConnectorsOut/GridUser/LocalGridUserServiceConnector.cs,71,"""""",Modules:GridUserServices
OpenSim.Region.CoreModules.ServiceConnectorsOut.GridUser,OpenSim/Region/CoreModules/ServiceConnectorsOut/GridUser/RemoteGridUserServiceConnector.cs,96,"""""",Modules:GridUserServices
OpenSim.Region.CoreModules.ServiceConnectorsOut.Inventory,OpenSim/Region/CoreModules/ServiceConnectorsOut/Inventory/LocalInventoryServiceConnector.cs,85,"""""",Modules:InventoryServices
OpenSim.Region.CoreModules.ServiceConnectorsOut.Inventory,OpenSim/Region/CoreModules/ServiceConnectorsOut/Inventory/RemoteXInventoryServiceConnector.cs,113,"""""",Modules:InventoryServices
OpenSim.Region.CoreModules.ServiceConnectorsOut.Land,OpenSim/Region/CoreModules/ServiceConnectorsOut/Land/RemoteLandServiceConnector.cs,71,"""""",Modules:LandServices
OpenSim.Region.CoreModules.ServiceConnectorsOut.MapImage,OpenSim/Region/CoreModules/ServiceConnectorsOut/MapImage/MapImageServiceModule.cs,88,"""""",Modules:MapImageService
OpenSim.Region.CoreModules.ServiceConnectorsOut.MuteList,OpenSim/Region/CoreModules/ServiceConnectorsOut/MuteList/LocalMuteListServiceConnector.cs,74,"""None""",Messaging:MuteListModule
OpenSim.Region.CoreModules.ServiceConnectorsOut.MuteList,OpenSim/Region/CoreModules/ServiceConnectorsOut/MuteList/LocalMuteListServiceConnector.cs,82,"""""",Messaging:MuteListService
OpenSim.Region.CoreModules.ServiceConnectorsOut.MuteList,OpenSim/Region/CoreModules/ServiceConnectorsOut/MuteList/RemoteMuteListServiceConnector.cs,72,"""None""",Messaging:MuteListModule
OpenSim.Region.CoreModules.ServiceConnectorsOut.MuteList,OpenSim/Region/CoreModules/ServiceConnectorsOut/MuteList/RemoteMuteListServiceConnector.cs,78,"""""",Messaging:MuteListService
OpenSim.Region.CoreModules.ServiceConnectorsOut.Presence,OpenSim/Region/CoreModules/ServiceConnectorsOut/Presence/LocalPresenceServiceConnector.cs,60,"""""",Modules:PresenceServices
OpenSim.Region.CoreModules.ServiceConnectorsOut.Presence,OpenSim/Region/CoreModules/ServiceConnectorsOut/Presence/RemotePresenceServiceConnector.cs,62,"""""",Modules:PresenceServices
OpenSim.Region.CoreModules.ServiceConnectorsOut.Simulation,OpenSim/Region/CoreModules/ServiceConnectorsOut/Simulation/LocalSimulationConnector.cs,65,"""""",Modules:SimulationServices
OpenSim.Region.CoreModules.ServiceConnectorsOut.Simulation,OpenSim/Region/CoreModules/ServiceConnectorsOut/Simulation/RemoteSimulationConnector.cs,71,"""""",Modules:SimulationServices
OpenSim.Region.CoreModules.ServiceConnectorsOut.UserAccounts,OpenSim/Region/CoreModules/ServiceConnectorsOut/UserAccounts/LocalUserAccountServiceConnector.cs,77,"""""",Modules:UserAccountServices
OpenSim.Region.CoreModules.ServiceConnectorsOut.UserAccounts,OpenSim/Region/CoreModules/ServiceConnectorsOut/UserAccounts/RemoteUserAccountServiceConnector.cs,71,"""""",Modules:UserAccountServices
OpenSim.Region.CoreModules.ServiceConnectorsIn.Asset,OpenSim/Region/CoreModules/ServiceConnectorsIn/Asset/AssetServiceInConnectorModule.cs,60,false,Modules:AssetServiceInConnector
OpenSim.Region.CoreModules.ServiceConnectorsIn.Authentication,OpenSim/Region/CoreModules/ServiceConnectorsIn/Authentication/AuthenticationServiceInConnectorModule.cs,62,false,Modules:AuthenticationServiceInConnector
OpenSim.Region.CoreModules.ServiceConnectorsIn.Grid,OpenSim/Region/CoreModules/ServiceConnectorsIn/Grid/GridInfoServiceInConnectorModule.cs,62,false,Modules:GridInfoServiceInConnector
OpenSim.Region.CoreModules.ServiceConnectorsIn.Hypergrid,OpenSim/Region/CoreModules/ServiceConnectorsIn/Hypergrid/HypergridServiceInConnectorModule.cs,66,false,Modules:HypergridServiceInConnector
OpenSim.Region.CoreModules.ServiceConnectorsIn.Inventory,OpenSim/Region/CoreModules/ServiceConnectorsIn/Inventory/InventoryServiceInConnectorModule.cs,60,false,Modules:InventoryServiceInConnector
OpenSim.Region.CoreModules.ServiceConnectorsIn.Land,OpenSim/Region/CoreModules/ServiceConnectorsIn/Land/LandServiceInConnectorModule.cs,65,false,Modules:LandServiceInConnector
OpenSim.Region.CoreModules.ServiceConnectorsIn.Login,OpenSim/Region/CoreModules/ServiceConnectorsIn/Login/LLLoginServiceInConnectorModule.cs,65,false,Modules:LLLoginServiceInConnector
OpenSim.Region.CoreModules.ServiceConnectorsIn.MapImage,OpenSim/Region/CoreModules/ServiceConnectorsIn/MapImage/MapImageServiceInConnectorModule.cs,61,false,Modules:MapImageServiceInConnector
OpenSim.Region.CoreModules.ServiceConnectorsIn.Neighbour,OpenSim/Region/CoreModules/ServiceConnectorsIn/Neighbour/NeighbourServiceInConnectorModule.cs,64,false,Modules:NeighbourServiceInConnector
OpenSim.Region.CoreModules.ServiceConnectorsIn.Simulation,OpenSim/Region/CoreModules/ServiceConnectorsIn/Simulation/SimulationServiceInConnectorModule.cs,62,false,Modules:SimulationServiceInConnector
OpenSim.Region.CoreModules.ServiceConnectorsOut.Profile,OpenSim/Region/CoreModules/ServiceConnectorsIn/UserProfiles/LocalUserProfilesServiceConnector.cs,109,false,
OpenSim.Region.CoreModules.ServiceConnectorsOut.Profile,OpenSim/Region/CoreModules/ServiceConnectorsIn/UserProfiles/LocalUserProfilesServiceConnector.cs,176,"""""",Modules:UserProfilesServices
OpenSim.Region.CoreModules.Scripting.DynamicTexture,OpenSim/Region/CoreModules/Scripting/DynamicTexture/DynamicTextureModule.cs,340,false,Textures:ReuseDynamicTextures
OpenSim.Region.CoreModules.Scripting.DynamicTexture,OpenSim/Region/CoreModules/Scripting/DynamicTexture/DynamicTextureModule.cs,341,false,Textures:ReuseDynamicLowDataTextures
OpenSim.Region.CoreModules.Scripting.EmailModules,OpenSim/Region/CoreModules/Scripting/EMailModules/EmailModule.cs,123,"""DefaultEmailModule""",Startup:emailmodule
OpenSim.Region.CoreModules.Scripting.EmailModules,OpenSim/Region/CoreModules/Scripting/EMailModules/EmailModule.cs,133,false,SMTP:enabled
OpenSim.Region.CoreModules.Scripting.EmailModules,OpenSim/Region/CoreModules/Scripting/EMailModules/EmailModule.cs,181,true,SMTP:SMTP_VerifyCertChain
OpenSim.Region.CoreModules.Scripting.EmailModules,OpenSim/Region/CoreModules/Scripting/EMailModules/EmailModule.cs,182,true,SMTP:SMTP_VerifyCertNames
OpenSim.Region.CoreModules.Framework.EntityTransfer,OpenSim/Region/CoreModules/Framework/EntityTransfer/EntityTransferModule.cs,252,"""""",Modules:EntityTransferModule
OpenSim.Region.CoreModules.Framework.EntityTransfer,OpenSim/Region/CoreModules/Framework/EntityTransfer/EntityTransferModule.cs,271,false,EntityTransfer:DisableInterRegionTeleportCancellation
OpenSim.Region.CoreModules.Framework.EntityTransfer,OpenSim/Region/CoreModules/Framework/EntityTransfer/HGEntityTransferModule.cs,131,"""""",Modules:EntityTransferModule
OpenSim.Region.CoreModules.Framework.EntityTransfer,OpenSim/Region/CoreModules/Framework/EntityTransfer/HGEntityTransferModule.cs,137,0,EntityTransfer:LevelHGTeleport
OpenSim.Region.CoreModules.Framework.EntityTransfer,OpenSim/Region/CoreModules/Framework/EntityTransfer/HGEntityTransferModule.cs,139,false,EntityTransfer:RestrictAppearanceAbroad
OpenSim.Region.CoreModules.Framework.InventoryAccess,OpenSim/Region/CoreModules/Framework/InventoryAccess/HGInventoryAccessModule.cs,83,"""""",Modules:InventoryAccessModule
OpenSim.Region.CoreModules.Framework.InventoryAccess,OpenSim/Region/CoreModules/Framework/InventoryAccess/HGInventoryAccessModule.cs,95,true,HGInventoryAccessModule:OutboundPermission
OpenSim.Region.CoreModules.Framework.InventoryAccess,OpenSim/Region/CoreModules/Framework/InventoryAccess/HGInventoryAccessModule.cs,96,true,HGInventoryAccessModule:RestrictInventoryAccessAbroad
OpenSim.Region.CoreModules.Framework.InventoryAccess,OpenSim/Region/CoreModules/Framework/InventoryAccess/HGInventoryAccessModule.cs,97,false,HGInventoryAccessModule:CheckSeparateAssets
OpenSim.Region.CoreModules.Framework.InventoryAccess,OpenSim/Region/CoreModules/Framework/InventoryAccess/InventoryAccessModule.cs,104,true,Inventory:CoalesceMultipleObjectsToInventory
OpenSim.Region.CoreModules.Framework.Monitoring,OpenSim/Region/CoreModules/Framework/Monitoring/MonitorModule.cs,82,true,Monitoring:Enabled
OpenSim.Region.CoreModules.Framework.UserManagement,OpenSim/Region/CoreModules/Framework/UserManagement/UserManagementModule.cs,1296,false,UserManagement:DisplayChangingHomeURI
OpenSim.Region.CoreModules.Avatar.Attachments,OpenSim/Region/CoreModules/Avatar/Attachments/AttachmentsModule.cs,75,true,Attachments:Enabled
OpenSim.Region.CoreModules.Avatar.Attachments,OpenSim/Region/CoreModules/Avatar/Attachments/AttachmentsModule.cs,76,true,Attachments:WearReplacesAll
OpenSim.Region.CoreModules.Avatar.Chat,OpenSim/Region/CoreModules/Avatar/Chat/ChatModule.cs,71,true,
OpenSim.Region.CoreModules.Avatar.Chat,OpenSim/Region/CoreModules/Avatar/Chat/ChatModule.cs,81,"""""",
OpenSim.Region.CoreModules.Avatar.Friends,OpenSim/Region/CoreModules/Avatar/Friends/CallingCardModule.cs,54,true,XCallingCard:Enabled
OpenSim.Region.CoreModules.Avatar.Friends,OpenSim/Region/CoreModules/Avatar/Friends/FriendsModule.cs,160,"""FriendsModule""",Modules:FriendsModule
OpenSim.Region.CoreModules.Avatar.Friends,OpenSim/Region/CoreModules/Avatar/Friends/FriendsModule.cs,176,0,Friends:Port
OpenSim.Region.CoreModules.Avatar.Friends,OpenSim/Region/CoreModules/Avatar/Friends/HGFriendsModule.cs,100,0,HGFriendsModule:LevelHGFriends
OpenSim.Region.CoreModules.Avatar.Groups,OpenSim/Region/CoreModules/Avatar/Groups/GroupsModule.cs,76,false,Groups:Enabled
OpenSim.Region.CoreModules.Avatar.Groups,OpenSim/Region/CoreModules/Avatar/Groups/GroupsModule.cs,83,"""Default""",Groups:Module
OpenSim.Region.CoreModules.Avatar.InstantMessage,OpenSim/Region/CoreModules/Avatar/InstantMessage/HGMessageTransferModule.cs,75,"""MessageTransferModule""",Messaging:MessageTransferModule
OpenSim.Region.CoreModules.Avatar.InstantMessage,OpenSim/Region/CoreModules/Avatar/InstantMessage/MessageTransferModule.cs,77,"""MessageTransferModule""",Messaging:MessageTransferModule
OpenSim.Region.CoreModules.Avatar.InstantMessage,OpenSim/Region/CoreModules/Avatar/InstantMessage/MuteListModule.cs,63,"""None""",Messaging:MuteListModule
OpenSim.Region.CoreModules.Avatar.InstantMessage,OpenSim/Region/CoreModules/Avatar/InstantMessage/OfflineMessageModule.cs,70,"""None""",Messaging:OfflineMessageModule
OpenSim.Region.CoreModules.Avatar.InstantMessage,OpenSim/Region/CoreModules/Avatar/InstantMessage/OfflineMessageModule.cs,77,"""""",Messaging:OfflineMessageURL
OpenSim.Region.CoreModules.Avatar.UserProfiles,OpenSim/Region/CoreModules/Avatar/UserProfiles/UserProfileModule.cs,284,"""""",UserProfiles:ProfileServiceURL
OpenSim.Region.CoreModules.Agent.AssetTransaction,OpenSim/Region/CoreModules/Agent/AssetTransaction/AssetTransactionModule.cs,64,0,Startup:LevelUpload
OpenSim.Region.ClientStack.Linden,OpenSim/Region/ClientStack/Linden/Caps/FetchInventory2Module.cs,72,"""localhost""",ClientStack.LindenCaps:Cap_FetchLib2
OpenSim.Region.ClientStack.LindenUDP,OpenSim/Region/ClientStack/Linden/UDP/LLUDPServer.cs,404,0,ClientStack.LindenUDP:client_socket_rcvbuf_size
OpenSim.Region.ClientStack.LindenUDP,OpenSim/Region/ClientStack/Linden/UDP/LLUDPServer.cs,405,6250000,ClientStack.LindenUDP:scene_throttle_max_bps
OpenSim.Region.ClientStack.LindenUDP,OpenSim/Region/ClientStack/Linden/UDP/LLUDPServer.cs,407,20,ClientStack.LindenUDP:TextureSendLimit
OpenSim.Region.ClientStack.LindenUDP,OpenSim/Region/ClientStack/Linden/UDP/LLUDPServer.cs,409,0,ClientStack.LindenUDP:DefaultRTO
OpenSim.Region.ClientStack.LindenUDP,OpenSim/Region/ClientStack/Linden/UDP/LLUDPServer.cs,410,0,ClientStack.LindenUDP:MaxRTO
OpenSim.Region.ClientStack.LindenUDP,OpenSim/Region/ClientStack/Linden/UDP/LLUDPServer.cs,411,false,ClientStack.LindenUDP:DisableFacelights
OpenSim.Region.ClientStack.LindenUDP,OpenSim/Region/ClientStack/Linden/UDP/LLUDPServer.cs,412,60,ClientStack.LindenUDP:AckTimeout
OpenSim.Region.ClientStack.LindenUDP,OpenSim/Region/ClientStack/Linden/UDP/LLUDPServer.cs,413,300,ClientStack.LindenUDP:PausedAckTimeout
OpenSim.Region.ClientStack.LindenUDP,OpenSim/Region/ClientStack/Linden/UDP/LLUDPServer.cs,428,true,PacketPool:RecyclePackets
OpenSim.Region.ClientStack.LindenUDP,OpenSim/Region/ClientStack/Linden/UDP/LLUDPServer.cs,429,true,PacketPool:RecycleDataBlocks
OpenSim.Region.ClientStack.LindenUDP,OpenSim/Region/ClientStack/Linden/UDP/LLUDPServer.cs,438,false,ClientStack.LindenUDP:Enabled
OpenSim.Region.ClientStack.LindenUDP,OpenSim/Region/ClientStack/Linden/UDP/LLUDPServer.cs,439,300,ClientStack.LindenUDP:packet_headers_period_seconds
OpenSim.Region.ClientStack.LindenUDP,OpenSim/Region/ClientStack/Linden/UDP/LLUDPServer.cs,440,""".""",ClientStack.LindenUDP:stats_dir
OpenSim.Region.ClientStack.LindenUDP,OpenSim/Region/ClientStack/Linden/UDP/LLUDPServer.cs,441,false,ClientStack.LindenUDP:aggregatedBWStats
OpenSim.Region.ClientStack.LindenUDP,OpenSim/Region/ClientStack/Linden/UDP/ThrottleRates.cs,90,false,ClientStack.LindenUDP:enable_adaptive_throttles
OpenSim.Region.ClientStack.LindenUDP,OpenSim/Region/ClientStack/Linden/UDP/ThrottleRates.cs,92,32000,ClientStack.LindenUDP:adaptive_throttle_min_bps
OpenSim.Region.ClientStack.Linden,OpenSim/Region/ClientStack/Linden/Caps/BunchOfCaps/BunchOfCapsModule.cs,105,0,Startup:LevelUpload
OpenSim.Region.ClientStack.Linden,OpenSim/Region/ClientStack/Linden/Caps/BunchOfCaps/BunchOfCapsModule.cs,111,0,Permissions:LevelUpload
OpenSim.Region.ClientStack.Linden,OpenSim/Region/ClientStack/Linden/Caps/BunchOfCaps/BunchOfCapsModule.cs,136,"""""",Economy:TestAssetsCreatorID
OpenSim.Region.ClientStack.Linden,OpenSim/Region/ClientStack/Linden/Caps/BunchOfCaps/BunchOfCapsModule.cs,147,"""localhost""",ClientStack.LindenCaps:Cap_HomeLocation
OpenSim.Region.ClientStack.Linden,OpenSim/Region/ClientStack/Linden/Caps/BunchOfCaps/BunchOfCapsModule.cs,150,"""localhost""",ClientStack.LindenCaps:Cap_GroupMemberData
OpenSim.Region.ClientStack.Linden,OpenSim/Region/ClientStack/Linden/Caps/BunchOfCaps/BunchOfCapsModule.cs,153,"""localhost""",ClientStack.LindenCaps:Cap_LandResources
OpenSim.Region.ClientStack.Linden,OpenSim/Region/ClientStack/Linden/Caps/BunchOfCaps/BunchOfCapsModule.cs,156,"""localhost""",ClientStack.LindenCaps:Cap_AttachmentResources
OpenSim.Framework.Console,OpenSim/Framework/Console/LocalConsole.cs,90,false,
OpenSim.Framework.Console,OpenSim/Framework/Console/LocalConsole.cs,97,"""OpenSimConsoleHistory.txt""",
OpenSim.Framework.Console,OpenSim/Framework/Console/LocalConsole.cs,98,100,
OpenSim.Framework.Console,OpenSim/Framework/Console/LocalConsole.cs,100,false,
OpenSim.Framework.Monitoring,OpenSim/Framework/Monitoring/ServerStatsCollector.cs,91,false,Monitoring:ServerStatsEnabled
OpenSim.Framework.Monitoring,OpenSim/Framework/Monitoring/ServerStatsCollector.cs,95,"""Ethernet""",Monitoring:NetworkInterfaceTypes
OpenSim.Framework.Servers,OpenSim/Framework/Servers/ServerBase.cs,181,null,
OpenSim.Framework.Servers,OpenSim/Framework/Servers/ServerBase.cs,193,null,
OpenSim.ApplicationPlugins.LoadRegions,OpenSim/ApplicationPlugins/LoadRegions/EstateLoaderFileSystem.cs,139,0,
OpenSim.ApplicationPlugins.LoadRegions,OpenSim/ApplicationPlugins/LoadRegions/RegionLoaderFileSystem.cs,58,false,Startup:allow_regionless
OpenSim.ApplicationPlugins.LoadRegions,OpenSim/ApplicationPlugins/LoadRegions/RegionLoaderWebServer.cs,64,false,Startup:allow_regionless
OpenSim.ApplicationPlugins.RemoteController,OpenSim/ApplicationPlugins/RemoteController/RemoteAdminPlugin.cs,113,0,
OpenSim.ApplicationPlugins.RemoteController,OpenSim/ApplicationPlugins/RemoteController/RemoteAdminPlugin.cs,130,"""0.0.0.0""",
OpenSim.ApplicationPlugins.RemoteController,OpenSim/ApplicationPlugins/RemoteController/RemoteAdminPlugin.cs,181,"""all""",
OpenSim.ApplicationPlugins.RemoteController,OpenSim/ApplicationPlugins/RemoteController/RemoteAdminPlugin.cs,285,false,Startup:InworldRestartShutsDown
OpenSim.ApplicationPlugins.RemoteController,OpenSim/ApplicationPlugins/RemoteController/RemoteAdminPlugin.cs,364,false,Startup:SkipDelayOnEmptyRegion
OpenSim.ApplicationPlugins.RemoteController,OpenSim/ApplicationPlugins/RemoteController/RemoteAdminPlugin.cs,730,0,
OpenSim.ApplicationPlugins.RemoteController,OpenSim/ApplicationPlugins/RemoteController/RemoteAdminPlugin.cs,731,false,
OpenSim.ApplicationPlugins.RemoteController,OpenSim/ApplicationPlugins/RemoteController/RemoteAdminPlugin.cs,732,true,
OpenSim.ApplicationPlugins.RemoteController,OpenSim/ApplicationPlugins/RemoteController/RemoteAdminPlugin.cs,2728,"""Default Male""",
OpenSim.ApplicationPlugins.RemoteController,OpenSim/ApplicationPlugins/RemoteController/RemoteAdminPlugin.cs,2729,"""Default Female""",
OpenSim.ApplicationPlugins.RemoteController,OpenSim/ApplicationPlugins/RemoteController/RemoteAdminPlugin.cs,2730,"""Default Default""",
OpenSim.ApplicationPlugins.RemoteController,OpenSim/ApplicationPlugins/RemoteController/RemoteAdminPlugin.cs,2816,false,
OpenSim.ApplicationPlugins.RemoteController,OpenSim/ApplicationPlugins/RemoteController/RemoteAdminPlugin.cs,3167,"""default_appearance.xml""",
OpenSim.Groups,OpenSim/Addons/Groups/GroupsMessagingModule.cs,98,false,Groups:Enabled
OpenSim.Groups,OpenSim/Addons/Groups/GroupsMessagingModule.cs,99,"""""",Groups:MessagingModule
OpenSim.Groups,OpenSim/Addons/Groups/GroupsMessagingModule.cs,105,true,Groups:MessagingEnabled
OpenSim.Groups,OpenSim/Addons/Groups/GroupsMessagingModule.cs,110,false,Groups:MessageOnlineUsersOnly
OpenSim.Groups,OpenSim/Addons/Groups/GroupsModule.cs,77,false,Groups:Enabled
OpenSim.Groups,OpenSim/Addons/Groups/GroupsModule.cs,83,"""Default""",Groups:Module
OpenSim.Groups,OpenSim/Addons/Groups/GroupsModule.cs,92,true,Groups:NoticesEnabled
OpenSim.Groups,OpenSim/Addons/Groups/GroupsModule.cs,93,false,Groups:DebugEnabled
OpenSim.Groups,OpenSim/Addons/Groups/GroupsModule.cs,94,0,Groups:LevelGroupCreate
OpenSim.Groups,OpenSim/Addons/Groups/Hypergrid/GroupsServiceHGConnectorModule.cs,75,false,Groups:Enabled
OpenSim.Groups,OpenSim/Addons/Groups/Hypergrid/GroupsServiceHGConnectorModule.cs,82,"""local""",Groups:LocalService
OpenSim.Groups,OpenSim/Addons/Groups/Hypergrid/GroupsServiceHGConnectorModule.cs,83,"""http://127.0.0.1""",Groups:GroupsExternalURI
OpenSim.Groups,OpenSim/Addons/Groups/Local/GroupsServiceLocalConnectorModule.cs,84,false,Groups:Enabled
OpenSim.Groups,OpenSim/Addons/Groups/Remote/GroupsServiceRemoteConnectorModule.cs,89,false,Groups:Enabled
