file,section,key
bin/OpenSimDefaults.ini,Startup,ConsolePrompt
bin/OpenSimDefaults.ini,Startup,ConsoleHistoryFileEnabled
bin/OpenSimDefaults.ini,Startup,LogFile
bin/OpenSimDefaults.ini,Startup,ConsoleHistoryFile
bin/OpenSimDefaults.ini,Startup,ConsoleHistoryFileLines
bin/OpenSimDefaults.ini,Startup,ConsoleHistoryTimeStamp
bin/OpenSimDefaults.ini,Startup,save_crashes
bin/OpenSimDefaults.ini,Startup,crash_dir
bin/OpenSimDefaults.ini,Startup,PIDFile
bin/OpenSimDefaults.ini,Startup,startup_console_commands_file
bin/OpenSimDefaults.ini,Startup,shutdown_console_commands_file
bin/OpenSimDefaults.ini,Startup,timer_Script
bin/OpenSimDefaults.ini,Startup,timer_Interval
bin/OpenSimDefaults.ini,Startup,async_call_method
bin/OpenSimDefaults.ini,Startup,MaxPoolThreads
bin/OpenSimDefaults.ini,Startup,JobEngineEnabled
bin/OpenSimDefaults.ini,Startup,RegistryLocation
bin/OpenSimDefaults.ini,Startup,ConfigDirectory
bin/OpenSimDefaults.ini,Startup,clientstack_plugin
bin/OpenSimDefaults.ini,Startup,region_info_source
bin/OpenSimDefaults.ini,Startup,regionload_regionsdir
bin/OpenSimDefaults.ini,Startup,regionload_webserver_url
bin/OpenSimDefaults.ini,Startup,allow_regionless
bin/OpenSimDefaults.ini,Startup,see_into_region
bin/OpenSimDefaults.ini,Startup,LegacySitOffsets
bin/OpenSimDefaults.ini,Startup,MaxPrimUndos
bin/OpenSimDefaults.ini,Startup,NonPhysicalPrimMin
bin/OpenSimDefaults.ini,Startup,NonPhysicalPrimMax
bin/OpenSimDefaults.ini,Startup,PhysicalPrimMin
bin/OpenSimDefaults.ini,Startup,PhysicalPrimMax
bin/OpenSimDefaults.ini,Startup,ClampPrimSize
bin/OpenSimDefaults.ini,Startup,LinksetPrims
bin/OpenSimDefaults.ini,Startup,AllowScriptCrossing
bin/OpenSimDefaults.ini,Startup,TrustBinaries
bin/OpenSimDefaults.ini,Startup,DefaultDrawDistance
bin/OpenSimDefaults.ini,Startup,MaxDrawDistance
bin/OpenSimDefaults.ini,Startup,MaxRegionsViewDistance
bin/OpenSimDefaults.ini,Startup,MinRegionsViewDistance
bin/OpenSimDefaults.ini,Startup,InworldRestartShutsDown
bin/OpenSimDefaults.ini,Startup,Normalized55FPS
bin/OpenSimDefaults.ini,Startup,FrameTime
bin/OpenSimDefaults.ini,Startup,FrameTimeWarnPercent
bin/OpenSimDefaults.ini,Startup,FrameTimeCritPercent
bin/OpenSimDefaults.ini,Startup,UpdateObjectsEveryNFrames
bin/OpenSimDefaults.ini,Startup,UpdateAgentsEveryNFrames
bin/OpenSimDefaults.ini,Startup,UpdateEntityMovementEveryNFrames
bin/OpenSimDefaults.ini,Startup,UpdateCoarseLocationsEveryNFrames
bin/OpenSimDefaults.ini,Startup,UpdatePhysicsEveryNFrames
bin/OpenSimDefaults.ini,Startup,UpdateEventsEveryNFrames
bin/OpenSimDefaults.ini,Startup,UpdateTerrainEveryNFrames
bin/OpenSimDefaults.ini,Startup,UpdateStorageEveryNFrames
bin/OpenSimDefaults.ini,Startup,UpdateTempCleaningEveryNSeconds
bin/OpenSimDefaults.ini,Startup,MinimumTimeBeforePersistenceConsidered
bin/OpenSimDefaults.ini,Startup,MaximumTimeBeforePersistenceConsidered
bin/OpenSimDefaults.ini,Startup,collidable_prim
bin/OpenSimDefaults.ini,Startup,physical_prim
bin/OpenSimDefaults.ini,Startup,meshing
bin/OpenSimDefaults.ini,Startup,DecodedSculptMapPath
bin/OpenSimDefaults.ini,Startup,CacheSculptMaps
bin/OpenSimDefaults.ini,Startup,physics
bin/OpenSimDefaults.ini,Startup,DefaultScriptEngine
bin/OpenSimDefaults.ini,Startup,HttpProxy
bin/OpenSimDefaults.ini,Startup,HttpProxyExceptions
bin/OpenSimDefaults.ini,Startup,emailmodule
bin/OpenSimDefaults.ini,Startup,enableflyslow
bin/OpenSimDefaults.ini,Startup,LogShowStatsSeconds
bin/OpenSimDefaults.ini,Startup,Stats_URI
bin/OpenSimDefaults.ini,Startup,ManagedStatsRemoteFetchURI
bin/OpenSimDefaults.ini,Startup,StartDisabled
bin/OpenSimDefaults.ini,Startup,UseCSJ2K
bin/OpenSimDefaults.ini,Startup,UseTrashOnDelete
bin/OpenSimDefaults.ini,Startup,LogOverloads
bin/OpenSimDefaults.ini,Startup,SpawnPointRouting
bin/OpenSimDefaults.ini,Startup,TelehubAllowLandmark
bin/OpenSimDefaults.ini,Startup,EnableCertConverter
bin/OpenSimDefaults.ini,Startup,PemCertPublicKey
bin/OpenSimDefaults.ini,Startup,PemCertPrivateKey
bin/OpenSimDefaults.ini,Startup,outputCertName
bin/OpenSimDefaults.ini,Startup,outputCertPassword
bin/OpenSimDefaults.ini,Startup,EnableSelfsignedCertSupport
bin/OpenSimDefaults.ini,Startup,CertRenewOnStartup
bin/OpenSimDefaults.ini,Startup,CertFileName
bin/OpenSimDefaults.ini,Startup,CertPassword
bin/OpenSimDefaults.ini,Startup,CertHostName
bin/OpenSimDefaults.ini,Startup,CertHostIp
bin/OpenSimDefaults.ini,Startup,NoVerifyCertChain
bin/OpenSimDefaults.ini,Startup,NoVerifyCertHostname
bin/OpenSimDefaults.ini,Map,GenerateMaptiles
bin/OpenSimDefaults.ini,Map,WorldMapModule
bin/OpenSimDefaults.ini,Map,MapImageModule
bin/OpenSimDefaults.ini,Map,BlacklistTimeout
bin/OpenSimDefaults.ini,Map,MaptileRefresh
bin/OpenSimDefaults.ini,Map,MaptileStaticUUID
bin/OpenSimDefaults.ini,Map,DrawPrimOnMapTile
bin/OpenSimDefaults.ini,Map,TextureOnMapTile
bin/OpenSimDefaults.ini,Map,TexturePrims
bin/OpenSimDefaults.ini,Map,TexturePrimSize
bin/OpenSimDefaults.ini,Map,RenderMeshes
bin/OpenSimDefaults.ini,Map,RenderMaxHeight
bin/OpenSimDefaults.ini,Map,RenderMinHeight
bin/OpenSimDefaults.ini,Map,ShowNPCs
bin/OpenSimDefaults.ini,Permissions,permissionmodules
bin/OpenSimDefaults.ini,Permissions,serverside_object_permissions
bin/OpenSimDefaults.ini,Permissions,allow_grid_gods
bin/OpenSimDefaults.ini,Permissions,region_owner_is_god
bin/OpenSimDefaults.ini,Permissions,region_manager_is_god
bin/OpenSimDefaults.ini,Permissions,automatic_gods
bin/OpenSimDefaults.ini,Permissions,implicit_gods
bin/OpenSimDefaults.ini,Permissions,allowed_script_creators
bin/OpenSimDefaults.ini,Permissions,allowed_script_editors
bin/OpenSimDefaults.ini,Permissions,simple_build_permissions
bin/OpenSimDefaults.ini,Permissions,LevelUpload
bin/OpenSimDefaults.ini,RegionReady,enabled
bin/OpenSimDefaults.ini,RegionReady,channel_notify
bin/OpenSimDefaults.ini,RegionReady,login_disable
bin/OpenSimDefaults.ini,RegionReady,alert_uri
bin/OpenSimDefaults.ini,EstateManagement,AllowRegionRestartFromClient
bin/OpenSimDefaults.ini,EstateManagement,IgnoreEstateMinorAccessControl
bin/OpenSimDefaults.ini,EstateManagement,IgnoreEstatePaymentAccessControl
bin/OpenSimDefaults.ini,UserProfiles,ProfileURL
bin/OpenSimDefaults.ini,UserProfiles,AllowUserProfileWebURLs
bin/OpenSimDefaults.ini,SMTP,enabled
bin/OpenSimDefaults.ini,SMTP,internal_object_host
bin/OpenSimDefaults.ini,SMTP,host_domain_header_from
bin/OpenSimDefaults.ini,SMTP,SMTP_SERVER_FROM
bin/OpenSimDefaults.ini,SMTP,SMTP_SERVER_HOSTNAME
bin/OpenSimDefaults.ini,SMTP,SMTP_SERVER_PORT
bin/OpenSimDefaults.ini,SMTP,SMTP_SERVER_TLS
bin/OpenSimDefaults.ini,SMTP,SMTP_SERVER_LOGIN
bin/OpenSimDefaults.ini,SMTP,SMTP_SERVER_PASSWORD
bin/OpenSimDefaults.ini,SMTP,SMTP_VerifyCertChain
bin/OpenSimDefaults.ini,SMTP,SMTP_VerifyCertNames
bin/OpenSimDefaults.ini,Network,ConsoleUser
bin/OpenSimDefaults.ini,Network,ConsolePass
bin/OpenSimDefaults.ini,Network,http_listener_port
bin/OpenSimDefaults.ini,Network,console_port
bin/OpenSimDefaults.ini,Network,http_listener_ssl
bin/OpenSimDefaults.ini,Network,http_listener_sslport
bin/OpenSimDefaults.ini,Network,http_listener_cn
bin/OpenSimDefaults.ini,Network,http_listener_cert_path
bin/OpenSimDefaults.ini,Network,http_listener_cert_pass
bin/OpenSimDefaults.ini,Network,https_listener
bin/OpenSimDefaults.ini,Network,https_port
bin/OpenSimDefaults.ini,Network,cert_path
bin/OpenSimDefaults.ini,Network,cert_pass
bin/OpenSimDefaults.ini,Network,HttpBodyMaxLenMAX
bin/OpenSimDefaults.ini,Network,ExternalHostNameForLSL
bin/OpenSimDefaults.ini,Network,OutboundDisallowForUserScripts
bin/OpenSimDefaults.ini,Network,shard
bin/OpenSimDefaults.ini,Network,user_agent
bin/OpenSimDefaults.ini,Network,MaxRequestConcurrency
bin/OpenSimDefaults.ini,ScriptsHttpRequestModule,MaxPoolThreads
bin/OpenSimDefaults.ini,ScriptsHttpRequestModule,PrimRequestsPerSec
bin/OpenSimDefaults.ini,ScriptsHttpRequestModule,PrimRequestsBurst
bin/OpenSimDefaults.ini,ScriptsHttpRequestModule,PrimOwnerRequestsPerSec
bin/OpenSimDefaults.ini,ScriptsHttpRequestModule,PrimOwnerRequestsBurst
bin/OpenSimDefaults.ini,ScriptsHttpRequestModule,RequestsTimeOut
bin/OpenSimDefaults.ini,AccessControl,AllowedClients
bin/OpenSimDefaults.ini,AccessControl,DeniedClients
bin/OpenSimDefaults.ini,ClientStack.LindenUDP,scene_throttle_max_bps
bin/OpenSimDefaults.ini,ClientStack.LindenUDP,client_throttle_max_bps
bin/OpenSimDefaults.ini,ClientStack.LindenUDP,adaptive_throttle_min_bps
bin/OpenSimDefaults.ini,ClientStack.LindenUDP,enable_adaptive_throttles
bin/OpenSimDefaults.ini,ClientStack.LindenUDP,TextureSendLimit
bin/OpenSimDefaults.ini,ClientStack.LindenUDP,DisableFacelights
bin/OpenSimDefaults.ini,ClientStack.LindenUDP,AckTimeout
bin/OpenSimDefaults.ini,ClientStack.LindenUDP,PausedAckTimeout
bin/OpenSimDefaults.ini,ClientStack.LindenUDP,SupportViewerObjectsCache
bin/OpenSimDefaults.ini,ClientStack.LindenCaps,Cap_AttachmentResources
bin/OpenSimDefaults.ini,ClientStack.LindenCaps,Cap_ChatSessionRequest
bin/OpenSimDefaults.ini,ClientStack.LindenCaps,Cap_CopyInventoryFromNotecard
bin/OpenSimDefaults.ini,ClientStack.LindenCaps,Cap_DispatchRegionInfo
bin/OpenSimDefaults.ini,ClientStack.LindenCaps,Cap_EstateAccess
bin/OpenSimDefaults.ini,ClientStack.LindenCaps,Cap_EstateChangeInfo
bin/OpenSimDefaults.ini,ClientStack.LindenCaps,Cap_EnvironmentSettings
bin/OpenSimDefaults.ini,ClientStack.LindenCaps,Cap_EventQueueGet
bin/OpenSimDefaults.ini,ClientStack.LindenCaps,Cap_FetchInventory
bin/OpenSimDefaults.ini,ClientStack.LindenCaps,Cap_ObjectMedia
bin/OpenSimDefaults.ini,ClientStack.LindenCaps,Cap_ObjectMediaNavigate
bin/OpenSimDefaults.ini,ClientStack.LindenCaps,Cap_FetchLib
bin/OpenSimDefaults.ini,ClientStack.LindenCaps,Cap_FetchLibDescendents
bin/OpenSimDefaults.ini,ClientStack.LindenCaps,Cap_GetDisplayNames
bin/OpenSimDefaults.ini,ClientStack.LindenCaps,Cap_GetTexture
bin/OpenSimDefaults.ini,ClientStack.LindenCaps,Cap_GetMesh
bin/OpenSimDefaults.ini,ClientStack.LindenCaps,Cap_GetMesh2
bin/OpenSimDefaults.ini,ClientStack.LindenCaps,Cap_GetAsset
bin/OpenSimDefaults.ini,ClientStack.LindenCaps,Cap_GetObjectCost
bin/OpenSimDefaults.ini,ClientStack.LindenCaps,Cap_GetObjectPhysicsData
bin/OpenSimDefaults.ini,ClientStack.LindenCaps,Cap_GroupProposalBallot
bin/OpenSimDefaults.ini,ClientStack.LindenCaps,Cap_GroupMemberData
bin/OpenSimDefaults.ini,ClientStack.LindenCaps,Cap_HomeLocation
bin/OpenSimDefaults.ini,ClientStack.LindenCaps,Cap_LandResources
bin/OpenSimDefaults.ini,ClientStack.LindenCaps,Cap_MapLayer
bin/OpenSimDefaults.ini,ClientStack.LindenCaps,Cap_MapLayerGod
bin/OpenSimDefaults.ini,ClientStack.LindenCaps,Cap_NewFileAgentInventory
bin/OpenSimDefaults.ini,ClientStack.LindenCaps,Cap_NewFileAgentInventoryVariablePrice
bin/OpenSimDefaults.ini,ClientStack.LindenCaps,Cap_ObjectAdd
bin/OpenSimDefaults.ini,ClientStack.LindenCaps,Cap_ParcelPropertiesUpdate
bin/OpenSimDefaults.ini,ClientStack.LindenCaps,Cap_ParcelMediaURLFilterList
bin/OpenSimDefaults.ini,ClientStack.LindenCaps,Cap_ParcelNavigateMedia
bin/OpenSimDefaults.ini,ClientStack.LindenCaps,Cap_ParcelVoiceInfoRequest
bin/OpenSimDefaults.ini,ClientStack.LindenCaps,Cap_ProductInfoRequest
bin/OpenSimDefaults.ini,ClientStack.LindenCaps,Cap_ProvisionVoiceAccountRequest
bin/OpenSimDefaults.ini,ClientStack.LindenCaps,Cap_RemoteParcelRequest
bin/OpenSimDefaults.ini,ClientStack.LindenCaps,Cap_RequestTextureDownload
bin/OpenSimDefaults.ini,ClientStack.LindenCaps,Cap_SearchStatRequest
bin/OpenSimDefaults.ini,ClientStack.LindenCaps,Cap_SearchStatTracking
bin/OpenSimDefaults.ini,ClientStack.LindenCaps,Cap_SendPostcard
bin/OpenSimDefaults.ini,ClientStack.LindenCaps,Cap_SendUserReport
bin/OpenSimDefaults.ini,ClientStack.LindenCaps,Cap_SendUserReportWithScreenshot
bin/OpenSimDefaults.ini,ClientStack.LindenCaps,Cap_ServerReleaseNotes
bin/OpenSimDefaults.ini,ClientStack.LindenCaps,Cap_SimConsole
bin/OpenSimDefaults.ini,ClientStack.LindenCaps,Cap_SimulatorFeatures
bin/OpenSimDefaults.ini,ClientStack.LindenCaps,Cap_SetDisplayName
bin/OpenSimDefaults.ini,ClientStack.LindenCaps,Cap_StartGroupProposal
bin/OpenSimDefaults.ini,ClientStack.LindenCaps,Cap_TextureStats
bin/OpenSimDefaults.ini,ClientStack.LindenCaps,Cap_UntrustedSimulatorMessage
bin/OpenSimDefaults.ini,ClientStack.LindenCaps,Cap_UpdateAgentInformation
bin/OpenSimDefaults.ini,ClientStack.LindenCaps,Cap_UpdateAgentLanguage
bin/OpenSimDefaults.ini,ClientStack.LindenCaps,Cap_UpdateGestureAgentInventory
bin/OpenSimDefaults.ini,ClientStack.LindenCaps,Cap_UpdateNotecardAgentInventory
bin/OpenSimDefaults.ini,ClientStack.LindenCaps,Cap_UpdateScriptAgent
bin/OpenSimDefaults.ini,ClientStack.LindenCaps,Cap_UpdateGestureTaskInventory
bin/OpenSimDefaults.ini,ClientStack.LindenCaps,Cap_UpdateNotecardTaskInventory
bin/OpenSimDefaults.ini,ClientStack.LindenCaps,Cap_UpdateScriptTask
bin/OpenSimDefaults.ini,ClientStack.LindenCaps,Cap_UploadBakedTexture
bin/OpenSimDefaults.ini,ClientStack.LindenCaps,Cap_UploadObjectAsset
bin/OpenSimDefaults.ini,ClientStack.LindenCaps,Cap_ViewerStartAuction
bin/OpenSimDefaults.ini,ClientStack.LindenCaps,Cap_ViewerStats
bin/OpenSimDefaults.ini,ClientStack.LindenCaps,Cap_WebFetchInventoryDescendents
bin/OpenSimDefaults.ini,ClientStack.LindenCaps,Cap_FetchInventoryDescendents2
bin/OpenSimDefaults.ini,ClientStack.LindenCaps,Cap_FetchInventory2
bin/OpenSimDefaults.ini,ClientStack.LindenCaps,Cap_FetchLib2
bin/OpenSimDefaults.ini,ClientStack.LindenCaps,Cap_FetchLibDescendents2
bin/OpenSimDefaults.ini,ClientStack.LindenCaps,Cap_AvatarPickerSearch
bin/OpenSimDefaults.ini,Chat,enabled
bin/OpenSimDefaults.ini,Chat,whisper_distance
bin/OpenSimDefaults.ini,Chat,say_distance
bin/OpenSimDefaults.ini,Chat,shout_distance
bin/OpenSimDefaults.ini,EntityTransfer,AllowAvatarCrossing
bin/OpenSimDefaults.ini,EntityTransfer,DisableObjectTransfer
bin/OpenSimDefaults.ini,EntityTransfer,LevelHGTeleport
bin/OpenSimDefaults.ini,EntityTransfer,DisableInterRegionTeleportCancellation
bin/OpenSimDefaults.ini,EntityTransfer,LandingPointBehavior
bin/OpenSimDefaults.ini,Messaging,InstantMessageModule
bin/OpenSimDefaults.ini,Messaging,MessageTransferModule
bin/OpenSimDefaults.ini,Messaging,OfflineMessageModule
bin/OpenSimDefaults.ini,Messaging,OfflineMessageURL
bin/OpenSimDefaults.ini,Messaging,MuteListModule
bin/OpenSimDefaults.ini,Messaging,MuteListURL
bin/OpenSimDefaults.ini,Messaging,ForwardOfflineGroupMessages
bin/OpenSimDefaults.ini,Inventory,CoalesceMultipleObjectsToInventory
bin/OpenSimDefaults.ini,Appearance,PersistBakedTextures
bin/OpenSimDefaults.ini,Appearance,DelayBeforeAppearanceSave
bin/OpenSimDefaults.ini,Appearance,DelayBeforeAppearanceSend
bin/OpenSimDefaults.ini,Appearance,ResendAppearanceUpdates
bin/OpenSimDefaults.ini,Appearance,ReuseTextures
bin/OpenSimDefaults.ini,Attachments,Enabled
bin/OpenSimDefaults.ini,Attachments,WearReplacesAll
bin/OpenSimDefaults.ini,Mesh,AllowMeshUpload
bin/OpenSimDefaults.ini,Mesh,LevelUpload
bin/OpenSimDefaults.ini,Mesh,UseMeshiesPhysicsMesh
bin/OpenSimDefaults.ini,Mesh,ConvexPrims
bin/OpenSimDefaults.ini,Mesh,ConvexSculpts
bin/OpenSimDefaults.ini,Mesh,MeshFileCache
bin/OpenSimDefaults.ini,Mesh,MeshFileCachePath
bin/OpenSimDefaults.ini,Mesh,MeshFileCacheDoExpire
bin/OpenSimDefaults.ini,Mesh,MeshFileCacheExpireHours
bin/OpenSimDefaults.ini,Textures,ReuseDynamicTextures
bin/OpenSimDefaults.ini,Textures,ReuseDynamicLowDataTextures
bin/OpenSimDefaults.ini,ODEPhysicsSettings,collect_stats
bin/OpenSimDefaults.ini,ODEPhysicsSettings,physics_logging
bin/OpenSimDefaults.ini,ODEPhysicsSettings,physics_logging_interval
bin/OpenSimDefaults.ini,ODEPhysicsSettings,physics_logging_append_existing_logfile
bin/OpenSimDefaults.ini,ODEPhysicsSettings,world_gravityx
bin/OpenSimDefaults.ini,ODEPhysicsSettings,world_gravityy
bin/OpenSimDefaults.ini,ODEPhysicsSettings,world_gravityz
bin/OpenSimDefaults.ini,ODEPhysicsSettings,avatar_terminal_velocity
bin/OpenSimDefaults.ini,ODEPhysicsSettings,world_stepsize
bin/OpenSimDefaults.ini,ODEPhysicsSettings,world_solver_iterations
bin/OpenSimDefaults.ini,ODEPhysicsSettings,filter_collisions
bin/OpenSimDefaults.ini,ODEPhysicsSettings,nm_terraincontact_friction
bin/OpenSimDefaults.ini,ODEPhysicsSettings,nm_terraincontact_bounce
bin/OpenSimDefaults.ini,ODEPhysicsSettings,nm_terraincontact_erp
bin/OpenSimDefaults.ini,ODEPhysicsSettings,m_terraincontact_friction
bin/OpenSimDefaults.ini,ODEPhysicsSettings,m_terraincontact_bounce
bin/OpenSimDefaults.ini,ODEPhysicsSettings,m_terrainContact_erp
bin/OpenSimDefaults.ini,ODEPhysicsSettings,m_avatarobjectcontact_friction
bin/OpenSimDefaults.ini,ODEPhysicsSettings,m_avatarobjectcontact_bounce
bin/OpenSimDefaults.ini,ODEPhysicsSettings,objectcontact_friction
bin/OpenSimDefaults.ini,ODEPhysicsSettings,objectcontact_bounce
bin/OpenSimDefaults.ini,ODEPhysicsSettings,av_density
bin/OpenSimDefaults.ini,ODEPhysicsSettings,av_height_fudge_factor
bin/OpenSimDefaults.ini,ODEPhysicsSettings,av_movement_divisor_walk
bin/OpenSimDefaults.ini,ODEPhysicsSettings,av_movement_divisor_run
bin/OpenSimDefaults.ini,ODEPhysicsSettings,geometry_default_density
bin/OpenSimDefaults.ini,ODEPhysicsSettings,body_frames_auto_disable
bin/OpenSimDefaults.ini,ODEPhysicsSettings,geom_updates_before_throttled_update
bin/OpenSimDefaults.ini,ODEPhysicsSettings,maximum_mass_object
bin/OpenSimDefaults.ini,ODEPhysicsSettings,mesh_sculpted_prim
bin/OpenSimDefaults.ini,ODEPhysicsSettings,mesh_lod
bin/OpenSimDefaults.ini,ODEPhysicsSettings,mesh_physical_lod
bin/OpenSimDefaults.ini,ODEPhysicsSettings,MinSizeToMeshmerize
bin/OpenSimDefaults.ini,BulletSim,BulletEngine
bin/OpenSimDefaults.ini,BulletSim,UseSeparatePhysicsThread
bin/OpenSimDefaults.ini,BulletSim,TerrainImplementation
bin/OpenSimDefaults.ini,BulletSim,TerrainMeshMagnification
bin/OpenSimDefaults.ini,BulletSim,AvatarToAvatarCollisionsByDefault
bin/OpenSimDefaults.ini,BulletSim,AvatarHeightLowFudge
bin/OpenSimDefaults.ini,BulletSim,AvatarHeightMidFudge
bin/OpenSimDefaults.ini,BulletSim,AvatarHeightHighFudge
bin/OpenSimDefaults.ini,BulletSim,AvatarStepHeight
bin/OpenSimDefaults.ini,BulletSim,AvatarStepAngle
bin/OpenSimDefaults.ini,BulletSim,AvatarStepApproachFactor
bin/OpenSimDefaults.ini,BulletSim,AvatarStepGroundFudge
bin/OpenSimDefaults.ini,BulletSim,AvatarStepForceFactor
bin/OpenSimDefaults.ini,BulletSim,AvatarStepUpCorrectionFactor
bin/OpenSimDefaults.ini,BulletSim,AvatarStepSmoothingSteps
bin/OpenSimDefaults.ini,BulletSim,AvatarTerminalVelocity
bin/OpenSimDefaults.ini,BulletSim,LinkImplementation
bin/OpenSimDefaults.ini,BulletSim,LinksetOffsetCenterOfMass
bin/OpenSimDefaults.ini,BulletSim,MeshSculptedPrim
bin/OpenSimDefaults.ini,BulletSim,ForceSimplePrimMeshing
bin/OpenSimDefaults.ini,BulletSim,ShouldRemoveZeroWidthTriangles
bin/OpenSimDefaults.ini,BulletSim,ShouldUseAssetHulls
bin/OpenSimDefaults.ini,BulletSim,MaxCollisionsPerFrame
bin/OpenSimDefaults.ini,BulletSim,MaxUpdatesPerFrame
bin/OpenSimDefaults.ini,BulletSim,PhysicsLoggingEnabled
bin/OpenSimDefaults.ini,BulletSim,PhysicsLoggingDir
bin/OpenSimDefaults.ini,BulletSim,VehicleLoggingEnabled
bin/OpenSimDefaults.ini,RemoteAdmin,enabled
bin/OpenSimDefaults.ini,RemoteAdmin,port
bin/OpenSimDefaults.ini,RemoteAdmin,bind_ip_address
bin/OpenSimDefaults.ini,RemoteAdmin,access_password
bin/OpenSimDefaults.ini,RemoteAdmin,access_ip_addresses
bin/OpenSimDefaults.ini,RemoteAdmin,create_region_enable_voice
bin/OpenSimDefaults.ini,RemoteAdmin,create_region_public
bin/OpenSimDefaults.ini,RemoteAdmin,region_file_template
bin/OpenSimDefaults.ini,RemoteAdmin,region_limit
bin/OpenSimDefaults.ini,RemoteAdmin,enabled_methods
bin/OpenSimDefaults.ini,RemoteAdmin,default_male
bin/OpenSimDefaults.ini,RemoteAdmin,default_female
bin/OpenSimDefaults.ini,RemoteAdmin,copy_folders
bin/OpenSimDefaults.ini,RemoteAdmin,default_appearance
bin/OpenSimDefaults.ini,RemoteAdmin,god_key
bin/OpenSimDefaults.ini,RemoteAdmin,prefix
bin/OpenSimDefaults.ini,RemoteAdmin,authenticate
bin/OpenSimDefaults.ini,RemoteAdmin,secured
bin/OpenSimDefaults.ini,RemoteAdmin,extended-escape
bin/OpenSimDefaults.ini,RemoteAdmin,realm
bin/OpenSimDefaults.ini,RemoteAdmin,dump-asset
bin/OpenSimDefaults.ini,RemoteAdmin,path-fill
bin/OpenSimDefaults.ini,RemoteAdmin,dump-line-size
bin/OpenSimDefaults.ini,RemoteAdmin,flush-on-error
bin/OpenSimDefaults.ini,IRC,enabled
bin/OpenSimDefaults.ini,IRC,server
bin/OpenSimDefaults.ini,IRC,password
bin/OpenSimDefaults.ini,IRC,nick
bin/OpenSimDefaults.ini,IRC,channel
bin/OpenSimDefaults.ini,IRC,user
bin/OpenSimDefaults.ini,IRC,port
bin/OpenSimDefaults.ini,IRC,commands_enabled
bin/OpenSimDefaults.ini,IRC,command_channel
bin/OpenSimDefaults.ini,IRC,report_clients
bin/OpenSimDefaults.ini,IRC,relay_private_channels
bin/OpenSimDefaults.ini,IRC,relay_private_channel_in
bin/OpenSimDefaults.ini,IRC,relay_private_channel_out
bin/OpenSimDefaults.ini,IRC,relay_chat
bin/OpenSimDefaults.ini,IRC,access_password
bin/OpenSimDefaults.ini,IRC,msgformat
bin/OpenSimDefaults.ini,IRC,exclude_list
bin/OpenSimDefaults.ini,IRC,alert_show
bin/OpenSimDefaults.ini,IRC,alert_show_serverinfo
bin/OpenSimDefaults.ini,IRC,alert_msg_pre
bin/OpenSimDefaults.ini,IRC,alert_msg_post
bin/OpenSimDefaults.ini,Wind,enabled
bin/OpenSimDefaults.ini,Wind,wind_update_rate
bin/OpenSimDefaults.ini,Wind,wind_plugin
bin/OpenSimDefaults.ini,Wind,avg_strength
bin/OpenSimDefaults.ini,Wind,avg_direction
bin/OpenSimDefaults.ini,Wind,var_strength
bin/OpenSimDefaults.ini,Wind,var_direction
bin/OpenSimDefaults.ini,Wind,rate_change
bin/OpenSimDefaults.ini,Wind,strength
bin/OpenSimDefaults.ini,Trees,enabled
bin/OpenSimDefaults.ini,Trees,active_trees
bin/OpenSimDefaults.ini,Trees,update_rate
bin/OpenSimDefaults.ini,Trees,allowGrow
bin/OpenSimDefaults.ini,VectorRender,font_name
bin/OpenSimDefaults.ini,LL-Functions,AllowosConsoleCommand
bin/OpenSimDefaults.ini,LL-Functions,AllowGodFunctions
bin/OpenSimDefaults.ini,LL-Functions,RestrictEmail
bin/OpenSimDefaults.ini,LL-Functions,max_listens_per_region
bin/OpenSimDefaults.ini,LL-Functions,max_listens_per_script
bin/OpenSimDefaults.ini,LL-Functions,max_external_urls_per_simulator
bin/OpenSimDefaults.ini,LL-Functions,UseSimpleBoxesInGetBoundingBox
bin/OpenSimDefaults.ini,LL-Functions,AddStatsInGetBoundingBox
bin/OpenSimDefaults.ini,LL-Functions,LowerAvatarBoundingBoxStandingXconst
bin/OpenSimDefaults.ini,LL-Functions,UpperAvatarBoundingBoxStandingXconst
bin/OpenSimDefaults.ini,LL-Functions,LowerAvatarBoundingBoxStandingYconst
bin/OpenSimDefaults.ini,LL-Functions,UpperAvatarBoundingBoxStandingYconst
bin/OpenSimDefaults.ini,LL-Functions,LowerAvatarBoundingBoxStandingZconst
bin/OpenSimDefaults.ini,LL-Functions,LowerAvatarBoundingBoxStandingZcoeff
bin/OpenSimDefaults.ini,LL-Functions,UpperAvatarBoundingBoxStandingZconst
bin/OpenSimDefaults.ini,LL-Functions,UpperAvatarBoundingBoxStandingZcoeff
bin/OpenSimDefaults.ini,LL-Functions,LowerAvatarBoundingBoxGroundsittingXconst
bin/OpenSimDefaults.ini,LL-Functions,UpperAvatarBoundingBoxGroundsittingXconst
bin/OpenSimDefaults.ini,LL-Functions,LowerAvatarBoundingBoxGroundsittingYconst
bin/OpenSimDefaults.ini,LL-Functions,UpperAvatarBoundingBoxGroundsittingYconst
bin/OpenSimDefaults.ini,LL-Functions,LowerAvatarBoundingBoxGroundsittingZconst
bin/OpenSimDefaults.ini,LL-Functions,LowerAvatarBoundingBoxGroundsittingZcoeff
bin/OpenSimDefaults.ini,LL-Functions,UpperAvatarBoundingBoxGroundsittingZconst
bin/OpenSimDefaults.ini,LL-Functions,UpperAvatarBoundingBoxGroundsittingZcoeff
bin/OpenSimDefaults.ini,LL-Functions,LowerAvatarBoundingBoxSittingXconst
bin/OpenSimDefaults.ini,LL-Functions,UpperAvatarBoundingBoxSittingXconst
bin/OpenSimDefaults.ini,LL-Functions,LowerAvatarBoundingBoxSittingYconst
bin/OpenSimDefaults.ini,LL-Functions,UpperAvatarBoundingBoxSittingYconst
bin/OpenSimDefaults.ini,LL-Functions,LowerAvatarBoundingBoxSittingZconst
bin/OpenSimDefaults.ini,LL-Functions,LowerAvatarBoundingBoxSittingZcoeff
bin/OpenSimDefaults.ini,LL-Functions,UpperAvatarBoundingBoxSittingZconst
bin/OpenSimDefaults.ini,LL-Functions,UpperAvatarBoundingBoxSittingZcoeff
bin/OpenSimDefaults.ini,LL-Functions,PrimBoundingBoxSafetyCoefficientX
bin/OpenSimDefaults.ini,LL-Functions,PrimBoundingBoxSafetyCoefficientY
bin/OpenSimDefaults.ini,LL-Functions,PrimBoundingBoxSafetyCoefficientZ
bin/OpenSimDefaults.ini,LL-Functions,UseLlCastRayV3
bin/OpenSimDefaults.ini,LL-Functions,FloatToleranceInLlCastRay
bin/OpenSimDefaults.ini,LL-Functions,FloatTolerance2InLlCastRay
bin/OpenSimDefaults.ini,LL-Functions,PrimDetailLevelInLlCastRay
bin/OpenSimDefaults.ini,LL-Functions,SculptDetailLevelInLlCastRay
bin/OpenSimDefaults.ini,LL-Functions,MeshDetailLevelInLlCastRay
bin/OpenSimDefaults.ini,LL-Functions,AvatarDetailLevelInLlCastRay
bin/OpenSimDefaults.ini,LL-Functions,MaxHitsInLlCastRay
bin/OpenSimDefaults.ini,LL-Functions,MaxHitsPerPrimInLlCastRay
bin/OpenSimDefaults.ini,LL-Functions,MaxHitsPerObjectInLlCastRay
bin/OpenSimDefaults.ini,LL-Functions,DetectExitHitsInLlCastRay
bin/OpenSimDefaults.ini,LL-Functions,DoAttachmentsInLlCastRay
bin/OpenSimDefaults.ini,LL-Functions,ThrottleTimeInMsInLlCastRay
bin/OpenSimDefaults.ini,LL-Functions,AvailableTimeInMsPerRegionInLlCastRay
bin/OpenSimDefaults.ini,LL-Functions,AvailableTimeInMsPerAvatarInLlCastRay
bin/OpenSimDefaults.ini,LL-Functions,RequiredAvailableTimeInMsInLlCastRay
bin/OpenSimDefaults.ini,LL-Functions,MaximumAvailableTimeInMsInLlCastRay
bin/OpenSimDefaults.ini,LL-Functions,UseMeshCacheInLlCastRay
bin/OpenSimDefaults.ini,DataSnapshot,index_sims
bin/OpenSimDefaults.ini,DataSnapshot,data_exposure
bin/OpenSimDefaults.ini,DataSnapshot,gridname
bin/OpenSimDefaults.ini,DataSnapshot,default_snapshot_period
bin/OpenSimDefaults.ini,DataSnapshot,snapshot_cache_directory
bin/OpenSimDefaults.ini,DataSnapshot,DATA_SRV_MISearch
bin/OpenSimDefaults.ini,Economy,economymodule
bin/OpenSimDefaults.ini,Economy,SellEnabled
bin/OpenSimDefaults.ini,Economy,PriceUpload
bin/OpenSimDefaults.ini,Economy,PriceGroupCreate
bin/OpenSimDefaults.ini,Economy,ObjectCount
bin/OpenSimDefaults.ini,Economy,PriceEnergyUnit
bin/OpenSimDefaults.ini,Economy,PriceObjectClaim
bin/OpenSimDefaults.ini,Economy,PricePublicObjectDecay
bin/OpenSimDefaults.ini,Economy,PricePublicObjectDelete
bin/OpenSimDefaults.ini,Economy,PriceParcelClaim
bin/OpenSimDefaults.ini,Economy,PriceParcelClaimFactor
bin/OpenSimDefaults.ini,Economy,PriceRentLight
bin/OpenSimDefaults.ini,Economy,TeleportMinPrice
bin/OpenSimDefaults.ini,Economy,TeleportPriceExponent
bin/OpenSimDefaults.ini,Economy,EnergyEfficiency
bin/OpenSimDefaults.ini,Economy,PriceObjectRent
bin/OpenSimDefaults.ini,Economy,PriceObjectScaleFactor
bin/OpenSimDefaults.ini,Economy,PriceParcelRent
bin/OpenSimDefaults.ini,Economy,MeshModelAllowTextureToInventory
bin/OpenSimDefaults.ini,YEngine,Enabled
bin/OpenSimDefaults.ini,YEngine,ScriptStackSize
bin/OpenSimDefaults.ini,YEngine,ScriptHeapSize
bin/OpenSimDefaults.ini,YEngine,NumThreadScriptWorkers
bin/OpenSimDefaults.ini,YEngine,Priority
bin/OpenSimDefaults.ini,YEngine,UseSourceHashCode
bin/OpenSimDefaults.ini,YEngine,MaintenanceInterval
bin/OpenSimDefaults.ini,YEngine,AsyncLLCommandLoopms
bin/OpenSimDefaults.ini,YEngine,ScriptDelayFactor
bin/OpenSimDefaults.ini,YEngine,ScriptDistanceLimitFactor
bin/OpenSimDefaults.ini,YEngine,NotecardLineReadCharsMax
bin/OpenSimDefaults.ini,YEngine,MinTimerInterval
bin/OpenSimDefaults.ini,YEngine,SensorMaxRange
bin/OpenSimDefaults.ini,YEngine,SensorMaxResults
bin/OpenSimDefaults.ini,YEngine,AutomaticLinkPermission
bin/OpenSimDefaults.ini,YEngine,DisableUndergroundMovement
bin/OpenSimDefaults.ini,YEngine,ScriptEnginesPath
bin/OpenSimDefaults.ini,Concierge,enabled
bin/OpenSimDefaults.ini,Concierge,whoami
bin/OpenSimDefaults.ini,Concierge,password
bin/OpenSimDefaults.ini,Concierge,regions
bin/OpenSimDefaults.ini,Concierge,welcomes
bin/OpenSimDefaults.ini,Concierge,broker
bin/OpenSimDefaults.ini,Hypergrid,safemode
bin/OpenSimDefaults.ini,VivoxVoice,enabled
bin/OpenSimDefaults.ini,VivoxVoice,vivox_server
bin/OpenSimDefaults.ini,VivoxVoice,vivox_sip_uri
bin/OpenSimDefaults.ini,VivoxVoice,vivox_admin_user
bin/OpenSimDefaults.ini,VivoxVoice,vivox_admin_password
bin/OpenSimDefaults.ini,VivoxVoice,vivox_channel_type
bin/OpenSimDefaults.ini,VivoxVoice,vivox_channel_distance_model
bin/OpenSimDefaults.ini,VivoxVoice,vivox_channel_mode
bin/OpenSimDefaults.ini,VivoxVoice,vivox_channel_roll_off
bin/OpenSimDefaults.ini,VivoxVoice,vivox_channel_max_range
bin/OpenSimDefaults.ini,VivoxVoice,vivox_channel_clamping_distance
bin/OpenSimDefaults.ini,Groups,Enabled
bin/OpenSimDefaults.ini,Groups,Module
bin/OpenSimDefaults.ini,Groups,NoticesEnabled
bin/OpenSimDefaults.ini,Groups,DebugEnabled
bin/OpenSimDefaults.ini,Groups,DebugMessagingEnabled
bin/OpenSimDefaults.ini,Groups,GroupsCacheTimeout
bin/OpenSimDefaults.ini,Groups,MessagingModule
bin/OpenSimDefaults.ini,Groups,MessagingEnabled
bin/OpenSimDefaults.ini,Groups,MessageOnlineUsersOnly
bin/OpenSimDefaults.ini,Groups,ServicesConnectorModule
bin/OpenSimDefaults.ini,Groups,GroupsServerURI
bin/OpenSimDefaults.ini,Groups,XmlRpcServiceReadKey
bin/OpenSimDefaults.ini,Groups,XmlRpcServiceWriteKey
bin/OpenSimDefaults.ini,Groups,XmlRpcDisableKeepAlive
bin/OpenSimDefaults.ini,Groups,LevelGroupCreate
bin/OpenSimDefaults.ini,PacketPool,RecyclePackets
bin/OpenSimDefaults.ini,PacketPool,RecycleDataBlocks
bin/OpenSimDefaults.ini,PacketPool,RecycleBaseUDPPackets
bin/OpenSimDefaults.ini,InterestManagement,UpdatePrioritizationScheme
bin/OpenSimDefaults.ini,InterestManagement,ReprioritizationEnabled
bin/OpenSimDefaults.ini,InterestManagement,ReprioritizationInterval
bin/OpenSimDefaults.ini,InterestManagement,RootReprioritizationDistance
bin/OpenSimDefaults.ini,InterestManagement,ChildReprioritizationDistance
bin/OpenSimDefaults.ini,InterestManagement,ObjectsCullingByDistance
bin/OpenSimDefaults.ini,InterestManagement,RootTerseUpdatePeriod
bin/OpenSimDefaults.ini,InterestManagement,ChildTerseUpdatePeriod
bin/OpenSimDefaults.ini,InterestManagement,RootPositionUpdateTolerance
bin/OpenSimDefaults.ini,InterestManagement,RootRotationUpdateTolerance
bin/OpenSimDefaults.ini,InterestManagement,RootVelocityUpdateTolerance
bin/OpenSimDefaults.ini,Monitoring,Enabled
bin/OpenSimDefaults.ini,Monitoring,ServerStatsEnabled
bin/OpenSimDefaults.ini,WebStats,enabled
bin/OpenSimDefaults.ini,Statistics,NumberOfFrames
bin/OpenSimDefaults.ini,MediaOnAPrim,Enabled
bin/OpenSimDefaults.ini,NPC,AllowNotOwned
bin/OpenSimDefaults.ini,NPC,AllowSenseAsAvatar
bin/OpenSimDefaults.ini,NPC,AllowCloneOtherAvatars
bin/OpenSimDefaults.ini,NPC,NoNPCGroup
bin/OpenSimDefaults.ini,Terrain,InitialTerrain
bin/OpenSimDefaults.ini,Terrain,SendTerrainUpdatesByViewDistance
bin/OpenSimDefaults.ini,LandManagement,LimitParcelLayerUpdateDistance
bin/OpenSimDefaults.ini,LandManagement,ParcelLayerViewDistance
bin/OpenSimDefaults.ini,LandManagement,ShowParcelBansLines
bin/OpenSimDefaults.ini,LandManagement,BanLineSafeHeight
bin/OpenSimDefaults.ini,LandManagement,DefaultAdministratorParcelName
bin/OpenSimDefaults.ini,LandManagement,DefaultAdministratorGroupUUID
bin/OpenSimDefaults.ini,LandManagement,DefaultAdministratorOwnerUUID
bin/OpenSimDefaults.ini,JsonStore,Enabled
bin/OpenSimDefaults.ini,JsonStore,EnableObjectStore
bin/OpenSimDefaults.ini,JsonStore,MaxStringSpace
bin/OpenSimDefaults.ini,AssetService,DefaultAssetLoader
bin/OpenSimDefaults.ini,AssetService,AssetLoaderArgs
bin/OpenSimDefaults.ini,AssetService,AssetLoaderEnabled
bin/OpenSimDefaults.ini,GridService,StorageProvider
bin/OpenSimDefaults.ini,AutoBackupModule,AutoBackupModuleEnabled
bin/OpenSimDefaults.ini,Sounds,Module
bin/OpenSimDefaults.ini,Sounds,MaxDistance
bin/OpenSimDefaults.ini,ServiceThrottle,Interval
bin/OpenSimDefaults.ini,Dwell,DwellModule
bin/OpenSimDefaults.ini,ServerReleaseNotes,ServerReleaseNotesURL
bin/OpenSimDefaults.ini,Modules,Include-modules
bin/OpenSim.ini,Const,BaseHostname
bin/OpenSim.ini,Const,BaseURL
bin/OpenSim.ini,Const,PrivatePort
bin/OpenSim.ini,Const,PrivURL
bin/OpenSim.ini,Const,PublicPort
bin/OpenSim.ini,Startup,ConsolePrompt
bin/OpenSim.ini,Startup,ConsoleHistoryFileEnabled
bin/OpenSim.ini,Startup,LogFile
bin/OpenSim.ini,Startup,ConsoleHistoryFile
bin/OpenSim.ini,Startup,ConsoleHistoryFileLines
bin/OpenSim.ini,Startup,ConsoleHistoryTimeStamp
bin/OpenSim.ini,Startup,save_crashes
bin/OpenSim.ini,Startup,crash_dir
bin/OpenSim.ini,Startup,PIDFile
bin/OpenSim.ini,Startup,startup_console_commands_file
bin/OpenSim.ini,Startup,shutdown_console_commands_file
bin/OpenSim.ini,Startup,timer_Script
bin/OpenSim.ini,Startup,timer_Interval
bin/OpenSim.ini,Startup,async_call_method
bin/OpenSim.ini,Startup,MaxPoolThreads
bin/OpenSim.ini,Startup,JobEngineEnabled
bin/OpenSim.ini,Startup,RegistryLocation
bin/OpenSim.ini,Startup,ConfigDirectory
bin/OpenSim.ini,Startup,clientstack_plugin
bin/OpenSim.ini,Startup,region_info_source
bin/OpenSim.ini,Startup,regionload_regionsdir
bin/OpenSim.ini,Startup,regionload_webserver_url
bin/OpenSim.ini,Startup,allow_regionless
bin/OpenSim.ini,Startup,see_into_region
bin/OpenSim.ini,Startup,LegacySitOffsets
bin/OpenSim.ini,Startup,MaxPrimUndos
bin/OpenSim.ini,Startup,NonPhysicalPrimMin
bin/OpenSim.ini,Startup,NonPhysicalPrimMax
bin/OpenSim.ini,Startup,PhysicalPrimMin
bin/OpenSim.ini,Startup,PhysicalPrimMax
bin/OpenSim.ini,Startup,ClampPrimSize
bin/OpenSim.ini,Startup,LinksetPrims
bin/OpenSim.ini,Startup,AllowScriptCrossing
bin/OpenSim.ini,Startup,TrustBinaries
bin/OpenSim.ini,Startup,DefaultDrawDistance
bin/OpenSim.ini,Startup,MaxDrawDistance
bin/OpenSim.ini,Startup,MaxRegionsViewDistance
bin/OpenSim.ini,Startup,MinRegionsViewDistance
bin/OpenSim.ini,Startup,InworldRestartShutsDown
bin/OpenSim.ini,Startup,Normalized55FPS
bin/OpenSim.ini,Startup,FrameTime
bin/OpenSim.ini,Startup,FrameTimeWarnPercent
bin/OpenSim.ini,Startup,FrameTimeCritPercent
bin/OpenSim.ini,Startup,UpdateObjectsEveryNFrames
bin/OpenSim.ini,Startup,UpdateAgentsEveryNFrames
bin/OpenSim.ini,Startup,UpdateEntityMovementEveryNFrames
bin/OpenSim.ini,Startup,UpdateCoarseLocationsEveryNFrames
bin/OpenSim.ini,Startup,UpdatePhysicsEveryNFrames
bin/OpenSim.ini,Startup,UpdateEventsEveryNFrames
bin/OpenSim.ini,Startup,UpdateTerrainEveryNFrames
bin/OpenSim.ini,Startup,UpdateStorageEveryNFrames
bin/OpenSim.ini,Startup,UpdateTempCleaningEveryNSeconds
bin/OpenSim.ini,Startup,MinimumTimeBeforePersistenceConsidered
bin/OpenSim.ini,Startup,MaximumTimeBeforePersistenceConsidered
bin/OpenSim.ini,Startup,collidable_prim
bin/OpenSim.ini,Startup,physical_prim
bin/OpenSim.ini,Startup,meshing
bin/OpenSim.ini,Startup,DecodedSculptMapPath
bin/OpenSim.ini,Startup,CacheSculptMaps
bin/OpenSim.ini,Startup,physics
bin/OpenSim.ini,Startup,DefaultScriptEngine
bin/OpenSim.ini,Startup,HttpProxy
bin/OpenSim.ini,Startup,HttpProxyExceptions
bin/OpenSim.ini,Startup,emailmodule
bin/OpenSim.ini,Startup,enableflyslow
bin/OpenSim.ini,Startup,LogShowStatsSeconds
bin/OpenSim.ini,Startup,Stats_URI
bin/OpenSim.ini,Startup,ManagedStatsRemoteFetchURI
bin/OpenSim.ini,Startup,StartDisabled
bin/OpenSim.ini,Startup,UseCSJ2K
bin/OpenSim.ini,Startup,UseTrashOnDelete
bin/OpenSim.ini,Startup,LogOverloads
bin/OpenSim.ini,Startup,SpawnPointRouting
bin/OpenSim.ini,Startup,TelehubAllowLandmark
bin/OpenSim.ini,Startup,EnableCertConverter
bin/OpenSim.ini,Startup,PemCertPublicKey
bin/OpenSim.ini,Startup,PemCertPrivateKey
bin/OpenSim.ini,Startup,outputCertName
bin/OpenSim.ini,Startup,outputCertPassword
bin/OpenSim.ini,Startup,EnableSelfsignedCertSupport
bin/OpenSim.ini,Startup,CertRenewOnStartup
bin/OpenSim.ini,Startup,CertFileName
bin/OpenSim.ini,Startup,CertPassword
bin/OpenSim.ini,Startup,CertHostName
bin/OpenSim.ini,Startup,CertHostIp
bin/OpenSim.ini,Startup,NoVerifyCertChain
bin/OpenSim.ini,Startup,NoVerifyCertHostname
bin/OpenSim.ini,Startup,economymodule
bin/OpenSim.ini,Map,GenerateMaptiles
bin/OpenSim.ini,Map,WorldMapModule
bin/OpenSim.ini,Map,MapImageModule
bin/OpenSim.ini,Map,BlacklistTimeout
bin/OpenSim.ini,Map,MaptileRefresh
bin/OpenSim.ini,Map,MaptileStaticUUID
bin/OpenSim.ini,Map,DrawPrimOnMapTile
bin/OpenSim.ini,Map,TextureOnMapTile
bin/OpenSim.ini,Map,TexturePrims
bin/OpenSim.ini,Map,TexturePrimSize
bin/OpenSim.ini,Map,RenderMeshes
bin/OpenSim.ini,Map,RenderMaxHeight
bin/OpenSim.ini,Map,RenderMinHeight
bin/OpenSim.ini,Map,ShowNPCs
bin/OpenSim.ini,Map,MapColorWater
bin/OpenSim.ini,Map,MaptileDirectory
bin/OpenSim.ini,Map,MaptileMaxObjectHeight
bin/OpenSim.ini,Map,MaptileMinObjectHeight
bin/OpenSim.ini,Map,TilesStoragePath
bin/OpenSim.ini,Permissions,permissionmodules
bin/OpenSim.ini,Permissions,serverside_object_permissions
bin/OpenSim.ini,Permissions,allow_grid_gods
bin/OpenSim.ini,Permissions,region_owner_is_god
bin/OpenSim.ini,Permissions,region_manager_is_god
bin/OpenSim.ini,Permissions,automatic_gods
bin/OpenSim.ini,Permissions,implicit_gods
bin/OpenSim.ini,Permissions,allowed_script_creators
bin/OpenSim.ini,Permissions,allowed_script_editors
bin/OpenSim.ini,Permissions,simple_build_permissions
bin/OpenSim.ini,Permissions,LevelUpload
bin/OpenSim.ini,RegionReady,enabled
bin/OpenSim.ini,RegionReady,channel_notify
bin/OpenSim.ini,RegionReady,login_disable
bin/OpenSim.ini,RegionReady,alert_uri
bin/OpenSim.ini,EstateManagement,AllowRegionRestartFromClient
bin/OpenSim.ini,EstateManagement,IgnoreEstateMinorAccessControl
bin/OpenSim.ini,EstateManagement,IgnoreEstatePaymentAccessControl
bin/OpenSim.ini,UserProfiles,ProfileURL
bin/OpenSim.ini,UserProfiles,AllowUserProfileWebURLs
bin/OpenSim.ini,UserProfiles,ProfileServiceURL
bin/OpenSim.ini,SMTP,enabled
bin/OpenSim.ini,SMTP,internal_object_host
bin/OpenSim.ini,SMTP,host_domain_header_from
bin/OpenSim.ini,SMTP,SMTP_SERVER_FROM
bin/OpenSim.ini,SMTP,SMTP_SERVER_HOSTNAME
bin/OpenSim.ini,SMTP,SMTP_SERVER_PORT
bin/OpenSim.ini,SMTP,SMTP_SERVER_TLS
bin/OpenSim.ini,SMTP,SMTP_SERVER_LOGIN
bin/OpenSim.ini,SMTP,SMTP_SERVER_PASSWORD
bin/OpenSim.ini,SMTP,SMTP_VerifyCertChain
bin/OpenSim.ini,SMTP,SMTP_VerifyCertNames
bin/OpenSim.ini,Network,ConsoleUser
bin/OpenSim.ini,Network,ConsolePass
bin/OpenSim.ini,Network,http_listener_port
bin/OpenSim.ini,Network,console_port
bin/OpenSim.ini,Network,http_listener_ssl
bin/OpenSim.ini,Network,http_listener_sslport
bin/OpenSim.ini,Network,http_listener_cn
bin/OpenSim.ini,Network,http_listener_cert_path
bin/OpenSim.ini,Network,http_listener_cert_pass
bin/OpenSim.ini,Network,https_listener
bin/OpenSim.ini,Network,https_port
bin/OpenSim.ini,Network,cert_path
bin/OpenSim.ini,Network,cert_pass
bin/OpenSim.ini,Network,HttpBodyMaxLenMAX
bin/OpenSim.ini,Network,ExternalHostNameForLSL
bin/OpenSim.ini,Network,OutboundDisallowForUserScripts
bin/OpenSim.ini,Network,shard
bin/OpenSim.ini,Network,user_agent
bin/OpenSim.ini,Network,MaxRequestConcurrency
bin/OpenSim.ini,ScriptsHttpRequestModule,MaxPoolThreads
bin/OpenSim.ini,ScriptsHttpRequestModule,PrimRequestsPerSec
bin/OpenSim.ini,ScriptsHttpRequestModule,PrimRequestsBurst
bin/OpenSim.ini,ScriptsHttpRequestModule,PrimOwnerRequestsPerSec
bin/OpenSim.ini,ScriptsHttpRequestModule,PrimOwnerRequestsBurst
bin/OpenSim.ini,ScriptsHttpRequestModule,RequestsTimeOut
bin/OpenSim.ini,AccessControl,AllowedClients
bin/OpenSim.ini,AccessControl,DeniedClients
bin/OpenSim.ini,ClientStack.LindenUDP,scene_throttle_max_bps
bin/OpenSim.ini,ClientStack.LindenUDP,client_throttle_max_bps
bin/OpenSim.ini,ClientStack.LindenUDP,adaptive_throttle_min_bps
bin/OpenSim.ini,ClientStack.LindenUDP,enable_adaptive_throttles
bin/OpenSim.ini,ClientStack.LindenUDP,TextureSendLimit
bin/OpenSim.ini,ClientStack.LindenUDP,DisableFacelights
bin/OpenSim.ini,ClientStack.LindenUDP,AckTimeout
bin/OpenSim.ini,ClientStack.LindenUDP,PausedAckTimeout
bin/OpenSim.ini,ClientStack.LindenUDP,SupportViewerObjectsCache
bin/OpenSim.ini,ClientStack.LindenCaps,Cap_AttachmentResources
bin/OpenSim.ini,ClientStack.LindenCaps,Cap_ChatSessionRequest
bin/OpenSim.ini,ClientStack.LindenCaps,Cap_CopyInventoryFromNotecard
bin/OpenSim.ini,ClientStack.LindenCaps,Cap_DispatchRegionInfo
bin/OpenSim.ini,ClientStack.LindenCaps,Cap_EstateAccess
bin/OpenSim.ini,ClientStack.LindenCaps,Cap_EstateChangeInfo
bin/OpenSim.ini,ClientStack.LindenCaps,Cap_EnvironmentSettings
bin/OpenSim.ini,ClientStack.LindenCaps,Cap_EventQueueGet
bin/OpenSim.ini,ClientStack.LindenCaps,Cap_FetchInventory
bin/OpenSim.ini,ClientStack.LindenCaps,Cap_ObjectMedia
bin/OpenSim.ini,ClientStack.LindenCaps,Cap_ObjectMediaNavigate
bin/OpenSim.ini,ClientStack.LindenCaps,Cap_FetchLib
bin/OpenSim.ini,ClientStack.LindenCaps,Cap_FetchLibDescendents
bin/OpenSim.ini,ClientStack.LindenCaps,Cap_GetDisplayNames
bin/OpenSim.ini,ClientStack.LindenCaps,Cap_GetTexture
bin/OpenSim.ini,ClientStack.LindenCaps,Cap_GetMesh
bin/OpenSim.ini,ClientStack.LindenCaps,Cap_GetMesh2
bin/OpenSim.ini,ClientStack.LindenCaps,Cap_GetAsset
bin/OpenSim.ini,ClientStack.LindenCaps,Cap_GetObjectCost
bin/OpenSim.ini,ClientStack.LindenCaps,Cap_GetObjectPhysicsData
bin/OpenSim.ini,ClientStack.LindenCaps,Cap_GroupProposalBallot
bin/OpenSim.ini,ClientStack.LindenCaps,Cap_GroupMemberData
bin/OpenSim.ini,ClientStack.LindenCaps,Cap_HomeLocation
bin/OpenSim.ini,ClientStack.LindenCaps,Cap_LandResources
bin/OpenSim.ini,ClientStack.LindenCaps,Cap_MapLayer
bin/OpenSim.ini,ClientStack.LindenCaps,Cap_MapLayerGod
bin/OpenSim.ini,ClientStack.LindenCaps,Cap_NewFileAgentInventory
bin/OpenSim.ini,ClientStack.LindenCaps,Cap_NewFileAgentInventoryVariablePrice
bin/OpenSim.ini,ClientStack.LindenCaps,Cap_ObjectAdd
bin/OpenSim.ini,ClientStack.LindenCaps,Cap_ParcelPropertiesUpdate
bin/OpenSim.ini,ClientStack.LindenCaps,Cap_ParcelMediaURLFilterList
bin/OpenSim.ini,ClientStack.LindenCaps,Cap_ParcelNavigateMedia
bin/OpenSim.ini,ClientStack.LindenCaps,Cap_ParcelVoiceInfoRequest
bin/OpenSim.ini,ClientStack.LindenCaps,Cap_ProductInfoRequest
bin/OpenSim.ini,ClientStack.LindenCaps,Cap_ProvisionVoiceAccountRequest
bin/OpenSim.ini,ClientStack.LindenCaps,Cap_RemoteParcelRequest
bin/OpenSim.ini,ClientStack.LindenCaps,Cap_RequestTextureDownload
bin/OpenSim.ini,ClientStack.LindenCaps,Cap_SearchStatRequest
bin/OpenSim.ini,ClientStack.LindenCaps,Cap_SearchStatTracking
bin/OpenSim.ini,ClientStack.LindenCaps,Cap_SendPostcard
bin/OpenSim.ini,ClientStack.LindenCaps,Cap_SendUserReport
bin/OpenSim.ini,ClientStack.LindenCaps,Cap_SendUserReportWithScreenshot
bin/OpenSim.ini,ClientStack.LindenCaps,Cap_ServerReleaseNotes
bin/OpenSim.ini,ClientStack.LindenCaps,Cap_SimConsole
bin/OpenSim.ini,ClientStack.LindenCaps,Cap_SimulatorFeatures
bin/OpenSim.ini,ClientStack.LindenCaps,Cap_SetDisplayName
bin/OpenSim.ini,ClientStack.LindenCaps,Cap_StartGroupProposal
bin/OpenSim.ini,ClientStack.LindenCaps,Cap_TextureStats
bin/OpenSim.ini,ClientStack.LindenCaps,Cap_UntrustedSimulatorMessage
bin/OpenSim.ini,ClientStack.LindenCaps,Cap_UpdateAgentInformation
bin/OpenSim.ini,ClientStack.LindenCaps,Cap_UpdateAgentLanguage
bin/OpenSim.ini,ClientStack.LindenCaps,Cap_UpdateGestureAgentInventory
bin/OpenSim.ini,ClientStack.LindenCaps,Cap_UpdateNotecardAgentInventory
bin/OpenSim.ini,ClientStack.LindenCaps,Cap_UpdateScriptAgent
bin/OpenSim.ini,ClientStack.LindenCaps,Cap_UpdateGestureTaskInventory
bin/OpenSim.ini,ClientStack.LindenCaps,Cap_UpdateNotecardTaskInventory
bin/OpenSim.ini,ClientStack.LindenCaps,Cap_UpdateScriptTask
bin/OpenSim.ini,ClientStack.LindenCaps,Cap_UploadBakedTexture
bin/OpenSim.ini,ClientStack.LindenCaps,Cap_UploadObjectAsset
bin/OpenSim.ini,ClientStack.LindenCaps,Cap_ViewerStartAuction
bin/OpenSim.ini,ClientStack.LindenCaps,Cap_ViewerStats
bin/OpenSim.ini,ClientStack.LindenCaps,Cap_WebFetchInventoryDescendents
bin/OpenSim.ini,ClientStack.LindenCaps,Cap_FetchInventoryDescendents2
bin/OpenSim.ini,ClientStack.LindenCaps,Cap_FetchInventory2
bin/OpenSim.ini,ClientStack.LindenCaps,Cap_FetchLib2
bin/OpenSim.ini,ClientStack.LindenCaps,Cap_FetchLibDescendents2
bin/OpenSim.ini,ClientStack.LindenCaps,Cap_AvatarPickerSearch
bin/OpenSim.ini,Chat,enabled
bin/OpenSim.ini,Chat,whisper_distance
bin/OpenSim.ini,Chat,say_distance
bin/OpenSim.ini,Chat,shout_distance
bin/OpenSim.ini,EntityTransfer,AllowAvatarCrossing
bin/OpenSim.ini,EntityTransfer,DisableObjectTransfer
bin/OpenSim.ini,EntityTransfer,LevelHGTeleport
bin/OpenSim.ini,EntityTransfer,DisableInterRegionTeleportCancellation
bin/OpenSim.ini,EntityTransfer,LandingPointBehavior
bin/OpenSim.ini,Messaging,InstantMessageModule
bin/OpenSim.ini,Messaging,MessageTransferModule
bin/OpenSim.ini,Messaging,OfflineMessageModule
bin/OpenSim.ini,Messaging,OfflineMessageURL
bin/OpenSim.ini,Messaging,MuteListModule
bin/OpenSim.ini,Messaging,MuteListURL
bin/OpenSim.ini,Messaging,ForwardOfflineGroupMessages
bin/OpenSim.ini,Messaging,StorageProvider
bin/OpenSim.ini,Inventory,CoalesceMultipleObjectsToInventory
bin/OpenSim.ini,Appearance,PersistBakedTextures
bin/OpenSim.ini,Appearance,DelayBeforeAppearanceSave
bin/OpenSim.ini,Appearance,DelayBeforeAppearanceSend
bin/OpenSim.ini,Appearance,ResendAppearanceUpdates
bin/OpenSim.ini,Appearance,ReuseTextures
bin/OpenSim.ini,Attachments,Enabled
bin/OpenSim.ini,Attachments,WearReplacesAll
bin/OpenSim.ini,Mesh,AllowMeshUpload
bin/OpenSim.ini,Mesh,LevelUpload
bin/OpenSim.ini,Mesh,UseMeshiesPhysicsMesh
bin/OpenSim.ini,Mesh,ConvexPrims
bin/OpenSim.ini,Mesh,ConvexSculpts
bin/OpenSim.ini,Mesh,MeshFileCache
bin/OpenSim.ini,Mesh,MeshFileCachePath
bin/OpenSim.ini,Mesh,MeshFileCacheDoExpire
bin/OpenSim.ini,Mesh,MeshFileCacheExpireHours
bin/OpenSim.ini,Textures,ReuseDynamicTextures
bin/OpenSim.ini,Textures,ReuseDynamicLowDataTextures
bin/OpenSim.ini,ODEPhysicsSettings,collect_stats
bin/OpenSim.ini,ODEPhysicsSettings,physics_logging
bin/OpenSim.ini,ODEPhysicsSettings,physics_logging_interval
bin/OpenSim.ini,ODEPhysicsSettings,physics_logging_append_existing_logfile
bin/OpenSim.ini,ODEPhysicsSettings,world_gravityx
bin/OpenSim.ini,ODEPhysicsSettings,world_gravityy
bin/OpenSim.ini,ODEPhysicsSettings,world_gravityz
bin/OpenSim.ini,ODEPhysicsSettings,avatar_terminal_velocity
bin/OpenSim.ini,ODEPhysicsSettings,world_stepsize
bin/OpenSim.ini,ODEPhysicsSettings,world_solver_iterations
bin/OpenSim.ini,ODEPhysicsSettings,filter_collisions
bin/OpenSim.ini,ODEPhysicsSettings,nm_terraincontact_friction
bin/OpenSim.ini,ODEPhysicsSettings,nm_terraincontact_bounce
bin/OpenSim.ini,ODEPhysicsSettings,nm_terraincontact_erp
bin/OpenSim.ini,ODEPhysicsSettings,m_terraincontact_friction
bin/OpenSim.ini,ODEPhysicsSettings,m_terraincontact_bounce
bin/OpenSim.ini,ODEPhysicsSettings,m_terrainContact_erp
bin/OpenSim.ini,ODEPhysicsSettings,m_avatarobjectcontact_friction
bin/OpenSim.ini,ODEPhysicsSettings,m_avatarobjectcontact_bounce
bin/OpenSim.ini,ODEPhysicsSettings,objectcontact_friction
bin/OpenSim.ini,ODEPhysicsSettings,objectcontact_bounce
bin/OpenSim.ini,ODEPhysicsSettings,av_density
bin/OpenSim.ini,ODEPhysicsSettings,av_height_fudge_factor
bin/OpenSim.ini,ODEPhysicsSettings,av_movement_divisor_walk
bin/OpenSim.ini,ODEPhysicsSettings,av_movement_divisor_run
bin/OpenSim.ini,ODEPhysicsSettings,geometry_default_density
bin/OpenSim.ini,ODEPhysicsSettings,body_frames_auto_disable
bin/OpenSim.ini,ODEPhysicsSettings,geom_updates_before_throttled_update
bin/OpenSim.ini,ODEPhysicsSettings,maximum_mass_object
bin/OpenSim.ini,ODEPhysicsSettings,mesh_sculpted_prim
bin/OpenSim.ini,ODEPhysicsSettings,mesh_lod
bin/OpenSim.ini,ODEPhysicsSettings,mesh_physical_lod
bin/OpenSim.ini,ODEPhysicsSettings,MinSizeToMeshmerize
bin/OpenSim.ini,BulletSim,BulletEngine
bin/OpenSim.ini,BulletSim,UseSeparatePhysicsThread
bin/OpenSim.ini,BulletSim,TerrainImplementation
bin/OpenSim.ini,BulletSim,TerrainMeshMagnification
bin/OpenSim.ini,BulletSim,AvatarToAvatarCollisionsByDefault
bin/OpenSim.ini,BulletSim,AvatarHeightLowFudge
bin/OpenSim.ini,BulletSim,AvatarHeightMidFudge
bin/OpenSim.ini,BulletSim,AvatarHeightHighFudge
bin/OpenSim.ini,BulletSim,AvatarStepHeight
bin/OpenSim.ini,BulletSim,AvatarStepAngle
bin/OpenSim.ini,BulletSim,AvatarStepApproachFactor
bin/OpenSim.ini,BulletSim,AvatarStepGroundFudge
bin/OpenSim.ini,BulletSim,AvatarStepForceFactor
bin/OpenSim.ini,BulletSim,AvatarStepUpCorrectionFactor
bin/OpenSim.ini,BulletSim,AvatarStepSmoothingSteps
bin/OpenSim.ini,BulletSim,AvatarTerminalVelocity
bin/OpenSim.ini,BulletSim,LinkImplementation
bin/OpenSim.ini,BulletSim,LinksetOffsetCenterOfMass
bin/OpenSim.ini,BulletSim,MeshSculptedPrim
bin/OpenSim.ini,BulletSim,ForceSimplePrimMeshing
bin/OpenSim.ini,BulletSim,ShouldRemoveZeroWidthTriangles
bin/OpenSim.ini,BulletSim,ShouldUseAssetHulls
bin/OpenSim.ini,BulletSim,MaxCollisionsPerFrame
bin/OpenSim.ini,BulletSim,MaxUpdatesPerFrame
bin/OpenSim.ini,BulletSim,PhysicsLoggingEnabled
bin/OpenSim.ini,BulletSim,PhysicsLoggingDir
bin/OpenSim.ini,BulletSim,VehicleLoggingEnabled
bin/OpenSim.ini,RemoteAdmin,enabled
bin/OpenSim.ini,RemoteAdmin,port
bin/OpenSim.ini,RemoteAdmin,bind_ip_address
bin/OpenSim.ini,RemoteAdmin,access_password
bin/OpenSim.ini,RemoteAdmin,access_ip_addresses
bin/OpenSim.ini,RemoteAdmin,create_region_enable_voice
bin/OpenSim.ini,RemoteAdmin,create_region_public
bin/OpenSim.ini,RemoteAdmin,region_file_template
bin/OpenSim.ini,RemoteAdmin,region_limit
bin/OpenSim.ini,RemoteAdmin,enabled_methods
bin/OpenSim.ini,RemoteAdmin,default_male
bin/OpenSim.ini,RemoteAdmin,default_female
bin/OpenSim.ini,RemoteAdmin,copy_folders
bin/OpenSim.ini,RemoteAdmin,default_appearance
bin/OpenSim.ini,RemoteAdmin,god_key
bin/OpenSim.ini,RemoteAdmin,prefix
bin/OpenSim.ini,RemoteAdmin,authenticate
bin/OpenSim.ini,RemoteAdmin,secured
bin/OpenSim.ini,RemoteAdmin,extended-escape
bin/OpenSim.ini,RemoteAdmin,realm
bin/OpenSim.ini,RemoteAdmin,dump-asset
bin/OpenSim.ini,RemoteAdmin,path-fill
bin/OpenSim.ini,RemoteAdmin,dump-line-size
bin/OpenSim.ini,RemoteAdmin,flush-on-error
bin/OpenSim.ini,IRC,enabled
bin/OpenSim.ini,IRC,server
bin/OpenSim.ini,IRC,password
bin/OpenSim.ini,IRC,nick
bin/OpenSim.ini,IRC,channel
bin/OpenSim.ini,IRC,user
bin/OpenSim.ini,IRC,port
bin/OpenSim.ini,IRC,commands_enabled
bin/OpenSim.ini,IRC,command_channel
bin/OpenSim.ini,IRC,report_clients
bin/OpenSim.ini,IRC,relay_private_channels
bin/OpenSim.ini,IRC,relay_private_channel_in
bin/OpenSim.ini,IRC,relay_private_channel_out
bin/OpenSim.ini,IRC,relay_chat
bin/OpenSim.ini,IRC,access_password
bin/OpenSim.ini,IRC,msgformat
bin/OpenSim.ini,IRC,exclude_list
bin/OpenSim.ini,IRC,alert_show
bin/OpenSim.ini,IRC,alert_show_serverinfo
bin/OpenSim.ini,IRC,alert_msg_pre
bin/OpenSim.ini,IRC,alert_msg_post
bin/OpenSim.ini,Wind,enabled
bin/OpenSim.ini,Wind,wind_update_rate
bin/OpenSim.ini,Wind,wind_plugin
bin/OpenSim.ini,Wind,avg_strength
bin/OpenSim.ini,Wind,avg_direction
bin/OpenSim.ini,Wind,var_strength
bin/OpenSim.ini,Wind,var_direction
bin/OpenSim.ini,Wind,rate_change
bin/OpenSim.ini,Wind,strength
bin/OpenSim.ini,Trees,enabled
bin/OpenSim.ini,Trees,active_trees
bin/OpenSim.ini,Trees,update_rate
bin/OpenSim.ini,Trees,allowGrow
bin/OpenSim.ini,VectorRender,font_name
bin/OpenSim.ini,LL-Functions,AllowosConsoleCommand
bin/OpenSim.ini,LL-Functions,AllowGodFunctions
bin/OpenSim.ini,LL-Functions,RestrictEmail
bin/OpenSim.ini,LL-Functions,max_listens_per_region
bin/OpenSim.ini,LL-Functions,max_listens_per_script
bin/OpenSim.ini,LL-Functions,max_external_urls_per_simulator
bin/OpenSim.ini,LL-Functions,UseSimpleBoxesInGetBoundingBox
bin/OpenSim.ini,LL-Functions,AddStatsInGetBoundingBox
bin/OpenSim.ini,LL-Functions,LowerAvatarBoundingBoxStandingXconst
bin/OpenSim.ini,LL-Functions,UpperAvatarBoundingBoxStandingXconst
bin/OpenSim.ini,LL-Functions,LowerAvatarBoundingBoxStandingYconst
bin/OpenSim.ini,LL-Functions,UpperAvatarBoundingBoxStandingYconst
bin/OpenSim.ini,LL-Functions,LowerAvatarBoundingBoxStandingZconst
bin/OpenSim.ini,LL-Functions,LowerAvatarBoundingBoxStandingZcoeff
bin/OpenSim.ini,LL-Functions,UpperAvatarBoundingBoxStandingZconst
bin/OpenSim.ini,LL-Functions,UpperAvatarBoundingBoxStandingZcoeff
bin/OpenSim.ini,LL-Functions,LowerAvatarBoundingBoxGroundsittingXconst
bin/OpenSim.ini,LL-Functions,UpperAvatarBoundingBoxGroundsittingXconst
bin/OpenSim.ini,LL-Functions,LowerAvatarBoundingBoxGroundsittingYconst
bin/OpenSim.ini,LL-Functions,UpperAvatarBoundingBoxGroundsittingYconst
bin/OpenSim.ini,LL-Functions,LowerAvatarBoundingBoxGroundsittingZconst
bin/OpenSim.ini,LL-Functions,LowerAvatarBoundingBoxGroundsittingZcoeff
bin/OpenSim.ini,LL-Functions,UpperAvatarBoundingBoxGroundsittingZconst
bin/OpenSim.ini,LL-Functions,UpperAvatarBoundingBoxGroundsittingZcoeff
bin/OpenSim.ini,LL-Functions,LowerAvatarBoundingBoxSittingXconst
bin/OpenSim.ini,LL-Functions,UpperAvatarBoundingBoxSittingXconst
bin/OpenSim.ini,LL-Functions,LowerAvatarBoundingBoxSittingYconst
bin/OpenSim.ini,LL-Functions,UpperAvatarBoundingBoxSittingYconst
bin/OpenSim.ini,LL-Functions,LowerAvatarBoundingBoxSittingZconst
bin/OpenSim.ini,LL-Functions,LowerAvatarBoundingBoxSittingZcoeff
bin/OpenSim.ini,LL-Functions,UpperAvatarBoundingBoxSittingZconst
bin/OpenSim.ini,LL-Functions,UpperAvatarBoundingBoxSittingZcoeff
bin/OpenSim.ini,LL-Functions,PrimBoundingBoxSafetyCoefficientX
bin/OpenSim.ini,LL-Functions,PrimBoundingBoxSafetyCoefficientY
bin/OpenSim.ini,LL-Functions,PrimBoundingBoxSafetyCoefficientZ
bin/OpenSim.ini,LL-Functions,UseLlCastRayV3
bin/OpenSim.ini,LL-Functions,FloatToleranceInLlCastRay
bin/OpenSim.ini,LL-Functions,FloatTolerance2InLlCastRay
bin/OpenSim.ini,LL-Functions,PrimDetailLevelInLlCastRay
bin/OpenSim.ini,LL-Functions,SculptDetailLevelInLlCastRay
bin/OpenSim.ini,LL-Functions,MeshDetailLevelInLlCastRay
bin/OpenSim.ini,LL-Functions,AvatarDetailLevelInLlCastRay
bin/OpenSim.ini,LL-Functions,MaxHitsInLlCastRay
bin/OpenSim.ini,LL-Functions,MaxHitsPerPrimInLlCastRay
bin/OpenSim.ini,LL-Functions,MaxHitsPerObjectInLlCastRay
bin/OpenSim.ini,LL-Functions,DetectExitHitsInLlCastRay
bin/OpenSim.ini,LL-Functions,DoAttachmentsInLlCastRay
bin/OpenSim.ini,LL-Functions,ThrottleTimeInMsInLlCastRay
bin/OpenSim.ini,LL-Functions,AvailableTimeInMsPerRegionInLlCastRay
bin/OpenSim.ini,LL-Functions,AvailableTimeInMsPerAvatarInLlCastRay
bin/OpenSim.ini,LL-Functions,RequiredAvailableTimeInMsInLlCastRay
bin/OpenSim.ini,LL-Functions,MaximumAvailableTimeInMsInLlCastRay
bin/OpenSim.ini,LL-Functions,UseMeshCacheInLlCastRay
bin/OpenSim.ini,DataSnapshot,index_sims
bin/OpenSim.ini,DataSnapshot,data_exposure
bin/OpenSim.ini,DataSnapshot,gridname
bin/OpenSim.ini,DataSnapshot,default_snapshot_period
bin/OpenSim.ini,DataSnapshot,snapshot_cache_directory
bin/OpenSim.ini,DataSnapshot,DATA_SRV_MISearch
bin/OpenSim.ini,DataSnapshot,economy
bin/OpenSim.ini,DataSnapshot,economymodule
bin/OpenSim.ini,Economy,economymodule
bin/OpenSim.ini,Economy,SellEnabled
bin/OpenSim.ini,Economy,PriceUpload
bin/OpenSim.ini,Economy,PriceGroupCreate
bin/OpenSim.ini,Economy,ObjectCount
bin/OpenSim.ini,Economy,PriceEnergyUnit
bin/OpenSim.ini,Economy,PriceObjectClaim
bin/OpenSim.ini,Economy,PricePublicObjectDecay
bin/OpenSim.ini,Economy,PricePublicObjectDelete
bin/OpenSim.ini,Economy,PriceParcelClaim
bin/OpenSim.ini,Economy,PriceParcelClaimFactor
bin/OpenSim.ini,Economy,PriceRentLight
bin/OpenSim.ini,Economy,TeleportMinPrice
bin/OpenSim.ini,Economy,TeleportPriceExponent
bin/OpenSim.ini,Economy,EnergyEfficiency
bin/OpenSim.ini,Economy,PriceObjectRent
bin/OpenSim.ini,Economy,PriceObjectScaleFactor
bin/OpenSim.ini,Economy,PriceParcelRent
bin/OpenSim.ini,Economy,MeshModelAllowTextureToInventory
bin/OpenSim.ini,YEngine,Enabled
bin/OpenSim.ini,YEngine,ScriptStackSize
bin/OpenSim.ini,YEngine,ScriptHeapSize
bin/OpenSim.ini,YEngine,NumThreadScriptWorkers
bin/OpenSim.ini,YEngine,Priority
bin/OpenSim.ini,YEngine,UseSourceHashCode
bin/OpenSim.ini,YEngine,MaintenanceInterval
bin/OpenSim.ini,YEngine,AsyncLLCommandLoopms
bin/OpenSim.ini,YEngine,ScriptDelayFactor
bin/OpenSim.ini,YEngine,ScriptDistanceLimitFactor
bin/OpenSim.ini,YEngine,NotecardLineReadCharsMax
bin/OpenSim.ini,YEngine,MinTimerInterval
bin/OpenSim.ini,YEngine,SensorMaxRange
bin/OpenSim.ini,YEngine,SensorMaxResults
bin/OpenSim.ini,YEngine,AutomaticLinkPermission
bin/OpenSim.ini,YEngine,DisableUndergroundMovement
bin/OpenSim.ini,YEngine,ScriptEnginesPath
bin/OpenSim.ini,YEngine,ScriptDebug
bin/OpenSim.ini,YEngine,ScriptDebugSaveIL
bin/OpenSim.ini,YEngine,ScriptDebugSaveSource
bin/OpenSim.ini,YEngine,scripts_enabled
bin/OpenSim.ini,YEngine,TraceCalls
bin/OpenSim.ini,YEngine,Verbose
bin/OpenSim.ini,Concierge,enabled
bin/OpenSim.ini,Concierge,whoami
bin/OpenSim.ini,Concierge,password
bin/OpenSim.ini,Concierge,regions
bin/OpenSim.ini,Concierge,welcomes
bin/OpenSim.ini,Concierge,broker
bin/OpenSim.ini,Hypergrid,safemode
bin/OpenSim.ini,VivoxVoice,enabled
bin/OpenSim.ini,VivoxVoice,vivox_server
bin/OpenSim.ini,VivoxVoice,vivox_sip_uri
bin/OpenSim.ini,VivoxVoice,vivox_admin_user
bin/OpenSim.ini,VivoxVoice,vivox_admin_password
bin/OpenSim.ini,VivoxVoice,vivox_channel_type
bin/OpenSim.ini,VivoxVoice,vivox_channel_distance_model
bin/OpenSim.ini,VivoxVoice,vivox_channel_mode
bin/OpenSim.ini,VivoxVoice,vivox_channel_roll_off
bin/OpenSim.ini,VivoxVoice,vivox_channel_max_range
bin/OpenSim.ini,VivoxVoice,vivox_channel_clamping_distance
bin/OpenSim.ini,Groups,Enabled
bin/OpenSim.ini,Groups,Module
bin/OpenSim.ini,Groups,NoticesEnabled
bin/OpenSim.ini,Groups,DebugEnabled
bin/OpenSim.ini,Groups,DebugMessagingEnabled
bin/OpenSim.ini,Groups,GroupsCacheTimeout
bin/OpenSim.ini,Groups,MessagingModule
bin/OpenSim.ini,Groups,MessagingEnabled
bin/OpenSim.ini,Groups,MessageOnlineUsersOnly
bin/OpenSim.ini,Groups,ServicesConnectorModule
bin/OpenSim.ini,Groups,GroupsServerURI
bin/OpenSim.ini,Groups,XmlRpcServiceReadKey
bin/OpenSim.ini,Groups,XmlRpcServiceWriteKey
bin/OpenSim.ini,Groups,XmlRpcDisableKeepAlive
bin/OpenSim.ini,Groups,LevelGroupCreate
bin/OpenSim.ini,Groups,HomeURI
bin/OpenSim.ini,Groups,LocalService
bin/OpenSim.ini,Groups,SecretKey
bin/OpenSim.ini,Groups,StorageProvider
bin/OpenSim.ini,PacketPool,RecyclePackets
bin/OpenSim.ini,PacketPool,RecycleDataBlocks
bin/OpenSim.ini,PacketPool,RecycleBaseUDPPackets
bin/OpenSim.ini,InterestManagement,UpdatePrioritizationScheme
bin/OpenSim.ini,InterestManagement,ReprioritizationEnabled
bin/OpenSim.ini,InterestManagement,ReprioritizationInterval
bin/OpenSim.ini,InterestManagement,RootReprioritizationDistance
bin/OpenSim.ini,InterestManagement,ChildReprioritizationDistance
bin/OpenSim.ini,InterestManagement,ObjectsCullingByDistance
bin/OpenSim.ini,InterestManagement,RootTerseUpdatePeriod
bin/OpenSim.ini,InterestManagement,ChildTerseUpdatePeriod
bin/OpenSim.ini,InterestManagement,RootPositionUpdateTolerance
bin/OpenSim.ini,InterestManagement,RootRotationUpdateTolerance
bin/OpenSim.ini,InterestManagement,RootVelocityUpdateTolerance
bin/OpenSim.ini,Monitoring,Enabled
bin/OpenSim.ini,Monitoring,ServerStatsEnabled
bin/OpenSim.ini,WebStats,enabled
bin/OpenSim.ini,Statistics,NumberOfFrames
bin/OpenSim.ini,MediaOnAPrim,Enabled
bin/OpenSim.ini,NPC,AllowNotOwned
bin/OpenSim.ini,NPC,AllowSenseAsAvatar
bin/OpenSim.ini,NPC,AllowCloneOtherAvatars
bin/OpenSim.ini,NPC,NoNPCGroup
bin/OpenSim.ini,NPC,AllowNPCCrossRegion
bin/OpenSim.ini,NPC,AllowNPCGroupMembership
bin/OpenSim.ini,NPC,AllowNPCTeleport
bin/OpenSim.ini,NPC,Enabled
bin/OpenSim.ini,NPC,MaxNumberNPCsPerScene
bin/OpenSim.ini,NPC,NPCOptionsMask
bin/OpenSim.ini,NPC,NPCUpdateRate
bin/OpenSim.ini,Terrain,InitialTerrain
bin/OpenSim.ini,Terrain,SendTerrainUpdatesByViewDistance
bin/OpenSim.ini,LandManagement,LimitParcelLayerUpdateDistance
bin/OpenSim.ini,LandManagement,ParcelLayerViewDistance
bin/OpenSim.ini,LandManagement,ShowParcelBansLines
bin/OpenSim.ini,LandManagement,BanLineSafeHeight
bin/OpenSim.ini,LandManagement,DefaultAdministratorParcelName
bin/OpenSim.ini,LandManagement,DefaultAdministratorGroupUUID
bin/OpenSim.ini,LandManagement,DefaultAdministratorOwnerUUID
bin/OpenSim.ini,JsonStore,Enabled
bin/OpenSim.ini,JsonStore,EnableObjectStore
bin/OpenSim.ini,JsonStore,MaxStringSpace
bin/OpenSim.ini,JsonStore,ReadWriteTimeout
bin/OpenSim.ini,AssetService,DefaultAssetLoader
bin/OpenSim.ini,AssetService,AssetLoaderArgs
bin/OpenSim.ini,AssetService,AssetLoaderEnabled
bin/OpenSim.ini,GridService,StorageProvider
bin/OpenSim.ini,AutoBackupModule,AutoBackupModuleEnabled
bin/OpenSim.ini,Sounds,Module
bin/OpenSim.ini,Sounds,MaxDistance
bin/OpenSim.ini,ServiceThrottle,Interval
bin/OpenSim.ini,Dwell,DwellModule
bin/OpenSim.ini,ServerReleaseNotes,ServerReleaseNotesURL
bin/OpenSim.ini,Modules,Include-modules
bin/OpenSim.ini,Architecture,Include-Architecture
bin/OpenSim.ini,OSSL,Include-osslDefaultEnable
bin/OpenSim.ini,Anaximander,AnaximanderPath
bin/OpenSim.ini,Anaximander,DatabaseConnection
bin/OpenSim.ini,Anaximander,Enabled
bin/OpenSim.ini,Anaximander,GPUAccelerated
bin/OpenSim.ini,Anaximander,LogLevel
bin/OpenSim.ini,Anaximander,OutputDirectory
bin/OpenSim.ini,Anaximander,RenderThreads
bin/OpenSim.ini,Anaximander,TileSize
bin/OpenSim.ini,AutoBackup,AutoBackupBusyCheck
bin/OpenSim.ini,AutoBackup,AutoBackupDir
bin/OpenSim.ini,AutoBackup,AutoBackupDirCleanup
bin/OpenSim.ini,AutoBackup,AutoBackupInterval
bin/OpenSim.ini,AutoBackup,AutoBackupKeepFilesForDays
bin/OpenSim.ini,AutoBackup,AutoBackupModuleEnabled
bin/OpenSim.ini,AutoBackup,AutoBackupNaming
bin/OpenSim.ini,AutoBackup,AutoBackupSkipAssets
bin/OpenSim.ini,AutoBackup,Enabled
bin/OpenSim.ini,Console,Console
bin/OpenSim.ini,Estates,
bin/OpenSim.ini,ExternalMapRenderer,AutoGenerate
bin/OpenSim.ini,ExternalMapRenderer,ConfigPath
bin/OpenSim.ini,ExternalMapRenderer,Enabled
bin/OpenSim.ini,ExternalMapRenderer,RendererPath
bin/OpenSim.ini,ExternalMapRenderer,RenderInterval
bin/OpenSim.ini,ExternalMapRenderer,RenderOnStartup
bin/OpenSim.ini,FreeSwitchVoice,
bin/OpenSim.ini,Gloebit,Enabled
bin/OpenSim.ini,Gloebit,GLBEnvironment
bin/OpenSim.ini,Gloebit,GLBKey
bin/OpenSim.ini,Gloebit,GLBOwnerEmail
bin/OpenSim.ini,Gloebit,GLBOwnerName
bin/OpenSim.ini,Gloebit,GLBSecret
bin/OpenSim.ini,Gloebit,GLBShowNewSessionAuthIM
bin/OpenSim.ini,Gloebit,GLBShowNewSessionPurchaseIM
bin/OpenSim.ini,Gloebit,GLBShowWelcomeMessage
bin/OpenSim.ini,Gloebit,GLBSpecificConnectionString
bin/OpenSim.ini,Gloebit,GLBSpecificStorageProvider
bin/OpenSim.ini,Materials,enable_materials
bin/OpenSim.ini,Materials,MaxMaterialsPerTransaction
bin/OpenSim.ini,SimulatorFeatures,
bin/OpenSim.ini,WorldView,ConfigName
bin/OpenSim.ini,WorldView,Enabled
bin/OpenSim.ini,XBakes,URL
bin/OpenSim.ini.template,CONST,BaseHostname
bin/OpenSim.ini.template,CONST,BaseURL
bin/OpenSim.ini.template,CONST,PublicPort
bin/OpenSim.ini.template,CONST,PrivURL
bin/OpenSim.ini.template,CONST,PrivatePort
bin/OpenSim.ini.template,Startup,ConsolePrompt
bin/OpenSim.ini.template,Startup,ConsoleHistoryFileEnabled
bin/OpenSim.ini.template,Startup,LogFile
bin/OpenSim.ini.template,Startup,ConsoleHistoryFile
bin/OpenSim.ini.template,Startup,ConsoleHistoryFileLines
bin/OpenSim.ini.template,Startup,ConsoleHistoryTimeStamp
bin/OpenSim.ini.template,Startup,save_crashes
bin/OpenSim.ini.template,Startup,crash_dir
bin/OpenSim.ini.template,Startup,PIDFile
bin/OpenSim.ini.template,Startup,startup_console_commands_file
bin/OpenSim.ini.template,Startup,shutdown_console_commands_file
bin/OpenSim.ini.template,Startup,repeating_console_commands_file
bin/OpenSim.ini.template,Startup,timer_Script
bin/OpenSim.ini.template,Startup,timer_Interval
bin/OpenSim.ini.template,Startup,async_call_method
bin/OpenSim.ini.template,Startup,MaxPoolThreads
bin/OpenSim.ini.template,Startup,JobEngineEnabled
bin/OpenSim.ini.template,Startup,RegistryLocation
bin/OpenSim.ini.template,Startup,ConfigDirectory
bin/OpenSim.ini.template,Startup,clientstack_plugin
bin/OpenSim.ini.template,Startup,region_info_source
bin/OpenSim.ini.template,Startup,regionload_regionsdir
bin/OpenSim.ini.template,Startup,regionload_webserver_url
bin/OpenSim.ini.template,Startup,allow_regionless
bin/OpenSim.ini.template,Startup,see_into_region
bin/OpenSim.ini.template,Startup,LegacySitOffsets
bin/OpenSim.ini.template,Startup,MaxPrimUndos
bin/OpenSim.ini.template,Startup,NonPhysicalPrimMin
bin/OpenSim.ini.template,Startup,NonPhysicalPrimMax
bin/OpenSim.ini.template,Startup,PhysicalPrimMin
bin/OpenSim.ini.template,Startup,PhysicalPrimMax
bin/OpenSim.ini.template,Startup,ClampPrimSize
bin/OpenSim.ini.template,Startup,LinksetPrims
bin/OpenSim.ini.template,Startup,AllowScriptCrossing
bin/OpenSim.ini.template,Startup,TrustBinaries
bin/OpenSim.ini.template,Startup,DefaultDrawDistance
bin/OpenSim.ini.template,Startup,MaxDrawDistance
bin/OpenSim.ini.template,Startup,MaxRegionsViewDistance
bin/OpenSim.ini.template,Startup,MinRegionsViewDistance
bin/OpenSim.ini.template,Startup,InworldRestartShutsDown
bin/OpenSim.ini.template,Startup,Normalized55FPS
bin/OpenSim.ini.template,Startup,FrameTime
bin/OpenSim.ini.template,Startup,FrameTimeWarnPercent
bin/OpenSim.ini.template,Startup,FrameTimeCritPercent
bin/OpenSim.ini.template,Startup,UpdateObjectsEveryNFrames
bin/OpenSim.ini.template,Startup,UpdateAgentsEveryNFrames
bin/OpenSim.ini.template,Startup,UpdateEntityMovementEveryNFrames
bin/OpenSim.ini.template,Startup,UpdateCoarseLocationsEveryNFrames
bin/OpenSim.ini.template,Startup,UpdatePhysicsEveryNFrames
bin/OpenSim.ini.template,Startup,UpdateEventsEveryNFrames
bin/OpenSim.ini.template,Startup,UpdateTerrainEveryNFrames
bin/OpenSim.ini.template,Startup,UpdateStorageEveryNFrames
bin/OpenSim.ini.template,Startup,UpdateTempCleaningEveryNSeconds
bin/OpenSim.ini.template,Startup,MinimumTimeBeforePersistenceConsidered
bin/OpenSim.ini.template,Startup,MaximumTimeBeforePersistenceConsidered
bin/OpenSim.ini.template,Startup,collidable_prim
bin/OpenSim.ini.template,Startup,physical_prim
bin/OpenSim.ini.template,Startup,meshing
bin/OpenSim.ini.template,Startup,physics
bin/OpenSim.ini.template,Startup,DefaultScriptEngine
bin/OpenSim.ini.template,Startup,emailmodule
bin/OpenSim.ini.template,YEngine,Enabled
bin/OpenSim.ini.template,YEngine,ScriptStackSize
bin/OpenSim.ini.template,YEngine,ScriptHeapSize
bin/OpenSim.ini.template,YEngine,NumThreadScriptWorkers
bin/OpenSim.ini.template,YEngine,Priority
bin/OpenSim.ini.template,YEngine,UseSourceHashCode
bin/OpenSim.ini.template,YEngine,MaintenanceInterval
bin/OpenSim.ini.template,YEngine,AsyncLLCommandLoopms
bin/OpenSim.ini.template,YEngine,ScriptDelayFactor
bin/OpenSim.ini.template,YEngine,ScriptDistanceLimitFactor
bin/OpenSim.ini.template,YEngine,NotecardLineReadCharsMax
bin/OpenSim.ini.template,YEngine,MinTimerInterval
bin/OpenSim.ini.template,YEngine,SensorMaxRange
bin/OpenSim.ini.template,YEngine,SensorMaxResults
bin/OpenSim.ini.template,YEngine,AutomaticLinkPermission
bin/OpenSim.ini.template,YEngine,DisableUndergroundMovement
bin/OpenSim.ini.template,YEngine,ScriptEnginesPath
bin/OpenSim.ini.template,SMTP,enabled
bin/OpenSim.ini.template,SMTP,enableflyslow
bin/OpenSim.ini.template,SMTP,Stats_URI
bin/OpenSim.ini.template,SMTP,StartDisabled
bin/OpenSim.ini.template,SMTP,UseCSJ2K
bin/OpenSim.ini.template,SMTP,UseTrashOnDelete
bin/OpenSim.ini.template,SMTP,LogOverloads
bin/OpenSim.ini.template,SMTP,SpawnPointRouting
bin/OpenSim.ini.template,SMTP,EnableCertConverter
bin/OpenSim.ini.template,SMTP,PemCertPublicKey
bin/OpenSim.ini.template,SMTP,PemCertPrivateKey
bin/OpenSim.ini.template,SMTP,outputCertName
bin/OpenSim.ini.template,SMTP,outputCertPassword
bin/OpenSim.ini.template,SMTP,EnableSelfsignedCertSupport
bin/OpenSim.ini.template,SMTP,CertRenewOnStartup
bin/OpenSim.ini.template,SMTP,CertFileName
bin/OpenSim.ini.template,SMTP,CertPassword
bin/OpenSim.ini.template,SMTP,CertHostName
bin/OpenSim.ini.template,SMTP,CertHostIp
bin/OpenSim.ini.template,Map,GenerateMaptiles
bin/OpenSim.ini.template,Map,WorldMapModule
bin/OpenSim.ini.template,Map,MapImageModule
bin/OpenSim.ini.template,Map,BlacklistTimeout
bin/OpenSim.ini.template,Map,MaptileRefresh
bin/OpenSim.ini.template,Map,DrawPrimOnMapTile
bin/OpenSim.ini.template,Map,TextureOnMapTile
bin/OpenSim.ini.template,Map,TexturePrims
bin/OpenSim.ini.template,Map,TexturePrimSize
bin/OpenSim.ini.template,Map,RenderMeshes
bin/OpenSim.ini.template,Map,RenderMaxHeight
bin/OpenSim.ini.template,Map,RenderMinHeight
bin/OpenSim.ini.template,Map,ShowNPCs
bin/OpenSim.ini.template,Permissions,permissionmodules
bin/OpenSim.ini.template,Permissions,serverside_object_permissions
bin/OpenSim.ini.template,Permissions,allow_grid_gods
bin/OpenSim.ini.template,Permissions,region_owner_is_god
bin/OpenSim.ini.template,Permissions,region_manager_is_god
bin/OpenSim.ini.template,Permissions,automatic_gods
bin/OpenSim.ini.template,Permissions,implicit_gods
bin/OpenSim.ini.template,Permissions,allowed_script_creators
bin/OpenSim.ini.template,Permissions,allowed_script_editors
bin/OpenSim.ini.template,Permissions,simple_build_permissions
bin/OpenSim.ini.template,Permissions,LevelUpload
bin/OpenSim.ini.template,RegionReady,enabled
bin/OpenSim.ini.template,RegionReady,channel_notify
bin/OpenSim.ini.template,RegionReady,login_disable
bin/OpenSim.ini.template,EstateManagement,AllowRegionRestartFromClient
bin/OpenSim.ini.template,EstateManagement,IgnoreEstateMinorAccessControl
bin/OpenSim.ini.template,EstateManagement,IgnoreEstatePaymentAccessControl
bin/OpenSim.ini.template,UserProfiles,AllowUserProfileWebURLs
bin/OpenSim.ini.template,Network,OutboundDisallowForUserScripts
bin/OpenSim.ini.template,Network,shard
bin/OpenSim.ini.template,Network,ExternalHostNameForLSL
bin/OpenSim.ini.template,ScriptsHttpRequestModule,
bin/OpenSim.ini.template,AccessControl,
bin/OpenSim.ini.template,ClientStack.LindenUDP,
bin/OpenSim.ini.template,ClientStack.LindenCaps,Cap_AttachmentResources
bin/OpenSim.ini.template,ClientStack.LindenCaps,Cap_AvatarPickerSearch
bin/OpenSim.ini.template,ClientStack.LindenCaps,Cap_GetDisplayNames
bin/OpenSim.ini.template,ClientStack.LindenCaps,Cap_SetDisplayName
bin/OpenSim.ini.template,ClientStack.LindenCaps,Cap_ChatSessionRequest
bin/OpenSim.ini.template,ClientStack.LindenCaps,Cap_EventQueueGet
bin/OpenSim.ini.template,ClientStack.LindenCaps,Cap_DispatchRegionInfo
bin/OpenSim.ini.template,ClientStack.LindenCaps,Cap_FetchInventory
bin/OpenSim.ini.template,ClientStack.LindenCaps,Cap_WebFetchInventoryDescendents
bin/OpenSim.ini.template,ClientStack.LindenCaps,Cap_FetchInventoryDescendents2
bin/OpenSim.ini.template,ClientStack.LindenCaps,Cap_FetchInventory2
bin/OpenSim.ini.template,ClientStack.LindenCaps,Cap_FetchLib
bin/OpenSim.ini.template,ClientStack.LindenCaps,Cap_FetchLibDescendents
bin/OpenSim.ini.template,ClientStack.LindenCaps,Cap_FetchLib2
bin/OpenSim.ini.template,ClientStack.LindenCaps,Cap_FetchLibDescendents2
bin/OpenSim.ini.template,ClientStack.LindenCaps,Cap_GetAsset
bin/OpenSim.ini.template,ClientStack.LindenCaps,Cap_GetTexture
bin/OpenSim.ini.template,ClientStack.LindenCaps,Cap_GetMesh
bin/OpenSim.ini.template,ClientStack.LindenCaps,Cap_GetMesh2
bin/OpenSim.ini.template,ClientStack.LindenCaps,Cap_NewFileAgentInventory
bin/OpenSim.ini.template,ClientStack.LindenCaps,Cap_NewFileAgentInventoryVariablePrice
bin/OpenSim.ini.template,ClientStack.LindenCaps,Cap_UploadBakedTexture
bin/OpenSim.ini.template,ClientStack.LindenCaps,Cap_UploadObjectAsset
bin/OpenSim.ini.template,ClientStack.LindenCaps,Cap_ObjectAdd
bin/OpenSim.ini.template,ClientStack.LindenCaps,Cap_UpdateScriptAgent
bin/OpenSim.ini.template,ClientStack.LindenCaps,Cap_UpdateScriptTask
bin/OpenSim.ini.template,ClientStack.LindenCaps,Cap_UpdateNotecardAgentInventory
bin/OpenSim.ini.template,ClientStack.LindenCaps,Cap_UpdateNotecardTaskInventory
bin/OpenSim.ini.template,ClientStack.LindenCaps,Cap_UpdateGestureAgentInventory
bin/OpenSim.ini.template,ClientStack.LindenCaps,Cap_UpdateGestureTaskInventory
bin/OpenSim.ini.template,ClientStack.LindenCaps,Cap_EnvironmentSettings
bin/OpenSim.ini.template,ClientStack.LindenCaps,Cap_MapLayer
bin/OpenSim.ini.template,ClientStack.LindenCaps,Cap_MapLayerGod
bin/OpenSim.ini.template,ClientStack.LindenCaps,Cap_LandResources
bin/OpenSim.ini.template,ClientStack.LindenCaps,Cap_ParcelPropertiesUpdate
bin/OpenSim.ini.template,ClientStack.LindenCaps,Cap_RemoteParcelRequest
bin/OpenSim.ini.template,ClientStack.LindenCaps,Cap_EstateAccess
bin/OpenSim.ini.template,ClientStack.LindenCaps,Cap_EstateChangeInfo
bin/OpenSim.ini.template,ClientStack.LindenCaps,Cap_GroupMemberData
bin/OpenSim.ini.template,ClientStack.LindenCaps,Cap_GroupProposalBallot
bin/OpenSim.ini.template,ClientStack.LindenCaps,Cap_StartGroupProposal
bin/OpenSim.ini.template,ClientStack.LindenCaps,Cap_ObjectMedia
bin/OpenSim.ini.template,ClientStack.LindenCaps,Cap_ObjectMediaNavigate
bin/OpenSim.ini.template,ClientStack.LindenCaps,Cap_ParcelNavigateMedia
bin/OpenSim.ini.template,ClientStack.LindenCaps,Cap_ParcelMediaURLFilterList
bin/OpenSim.ini.template,ClientStack.LindenCaps,Cap_ParcelVoiceInfoRequest
bin/OpenSim.ini.template,ClientStack.LindenCaps,Cap_ProvisionVoiceAccountRequest
bin/OpenSim.ini.template,ClientStack.LindenCaps,Cap_CopyInventoryFromNotecard
bin/OpenSim.ini.template,ClientStack.LindenCaps,Cap_HomeLocation
bin/OpenSim.ini.template,ClientStack.LindenCaps,Cap_ServerReleaseNotes
bin/OpenSim.ini.template,ClientStack.LindenCaps,Cap_GetObjectCost
bin/OpenSim.ini.template,ClientStack.LindenCaps,Cap_GetObjectPhysicsData
bin/OpenSim.ini.template,ClientStack.LindenCaps,Cap_ProductInfoRequest
bin/OpenSim.ini.template,ClientStack.LindenCaps,Cap_SearchStatRequest
bin/OpenSim.ini.template,ClientStack.LindenCaps,Cap_SearchStatTracking
bin/OpenSim.ini.template,ClientStack.LindenCaps,Cap_SendPostcard
bin/OpenSim.ini.template,ClientStack.LindenCaps,Cap_SendUserReport
bin/OpenSim.ini.template,ClientStack.LindenCaps,Cap_SendUserReportWithScreenshot
bin/OpenSim.ini.template,ClientStack.LindenCaps,Cap_SimConsole
bin/OpenSim.ini.template,ClientStack.LindenCaps,Cap_SimulatorFeatures
bin/OpenSim.ini.template,ClientStack.LindenCaps,Cap_UntrustedSimulatorMessage
bin/OpenSim.ini.template,ClientStack.LindenCaps,Cap_UpdateAgentInformation
bin/OpenSim.ini.template,ClientStack.LindenCaps,Cap_UpdateAgentLanguage
bin/OpenSim.ini.template,ClientStack.LindenCaps,Cap_TextureStats
bin/OpenSim.ini.template,ClientStack.LindenCaps,Cap_ViewerStartAuction
bin/OpenSim.ini.template,ClientStack.LindenCaps,Cap_ViewerStats
bin/OpenSim.ini.template,Chat,enabled
bin/OpenSim.ini.template,Chat,whisper_distance
bin/OpenSim.ini.template,Chat,say_distance
bin/OpenSim.ini.template,Chat,shout_distance
bin/OpenSim.ini.template,EntityTransfer,AllowAvatarCrossing
bin/OpenSim.ini.template,EntityTransfer,DisableObjectTransfer
bin/OpenSim.ini.template,EntityTransfer,LevelHGTeleport
bin/OpenSim.ini.template,EntityTransfer,DisableInterRegionTeleportCancellation
bin/OpenSim.ini.template,EntityTransfer,LandingPointBehavior
bin/OpenSim.ini.template,Messaging,InstantMessageModule
bin/OpenSim.ini.template,Messaging,MessageTransferModule
bin/OpenSim.ini.template,Messaging,OfflineMessageModule
bin/OpenSim.ini.template,Messaging,OfflineMessageURL
bin/OpenSim.ini.template,Messaging,MuteListModule
bin/OpenSim.ini.template,Messaging,MuteListURL
bin/OpenSim.ini.template,Messaging,ForwardOfflineGroupMessages
bin/OpenSim.ini.template,Inventory,CoalesceMultipleObjectsToInventory
bin/OpenSim.ini.template,Appearance,PersistBakedTextures
bin/OpenSim.ini.template,Appearance,DelayBeforeAppearanceSave
bin/OpenSim.ini.template,Appearance,DelayBeforeAppearanceSend
bin/OpenSim.ini.template,Appearance,ResendAppearanceUpdates
bin/OpenSim.ini.template,Appearance,ReuseTextures
bin/OpenSim.ini.template,Attachments,Enabled
bin/OpenSim.ini.template,Attachments,WearReplacesAll
bin/OpenSim.ini.template,Mesh,AllowMeshUpload
bin/OpenSim.ini.template,Mesh,LevelUpload
bin/OpenSim.ini.template,Mesh,UseMeshiesPhysicsMesh
bin/OpenSim.ini.template,Mesh,ConvexPrims
bin/OpenSim.ini.template,Mesh,ConvexSculpts
bin/OpenSim.ini.template,Mesh,MeshFileCache
bin/OpenSim.ini.template,Mesh,MeshFileCachePath
bin/OpenSim.ini.template,Mesh,MeshFileCacheDoExpire
bin/OpenSim.ini.template,Mesh,MeshFileCacheExpireHours
bin/OpenSim.ini.template,Textures,ReuseDynamicTextures
bin/OpenSim.ini.template,Textures,ReuseDynamicLowDataTextures
bin/OpenSim.ini.template,ODEPhysicsSettings,collect_stats
bin/OpenSim.ini.template,ODEPhysicsSettings,physics_logging
bin/OpenSim.ini.template,ODEPhysicsSettings,physics_logging_interval
bin/OpenSim.ini.template,ODEPhysicsSettings,physics_logging_append_existing_logfile
bin/OpenSim.ini.template,ODEPhysicsSettings,world_gravityx
bin/OpenSim.ini.template,ODEPhysicsSettings,world_gravityy
bin/OpenSim.ini.template,ODEPhysicsSettings,world_gravityz
bin/OpenSim.ini.template,ODEPhysicsSettings,avatar_terminal_velocity
bin/OpenSim.ini.template,ODEPhysicsSettings,world_stepsize
bin/OpenSim.ini.template,ODEPhysicsSettings,world_solver_iterations
bin/OpenSim.ini.template,ODEPhysicsSettings,filter_collisions
bin/OpenSim.ini.template,ODEPhysicsSettings,nm_terraincontact_friction
bin/OpenSim.ini.template,ODEPhysicsSettings,nm_terraincontact_bounce
bin/OpenSim.ini.template,ODEPhysicsSettings,nm_terraincontact_erp
bin/OpenSim.ini.template,ODEPhysicsSettings,m_terraincontact_friction
bin/OpenSim.ini.template,ODEPhysicsSettings,m_terraincontact_bounce
bin/OpenSim.ini.template,ODEPhysicsSettings,m_terrainContact_erp
bin/OpenSim.ini.template,ODEPhysicsSettings,m_avatarobjectcontact_friction
bin/OpenSim.ini.template,ODEPhysicsSettings,m_avatarobjectcontact_bounce
bin/OpenSim.ini.template,ODEPhysicsSettings,objectcontact_friction
bin/OpenSim.ini.template,ODEPhysicsSettings,objectcontact_bounce
bin/OpenSim.ini.template,ODEPhysicsSettings,av_density
bin/OpenSim.ini.template,ODEPhysicsSettings,av_movement_divisor_walk
bin/OpenSim.ini.template,ODEPhysicsSettings,av_movement_divisor_run
bin/OpenSim.ini.template,ODEPhysicsSettings,geometry_default_density
bin/OpenSim.ini.template,ODEPhysicsSettings,body_frames_auto_disable
bin/OpenSim.ini.template,ODEPhysicsSettings,geom_updates_before_throttled_update
bin/OpenSim.ini.template,ODEPhysicsSettings,maximum_mass_object
bin/OpenSim.ini.template,ODEPhysicsSettings,mesh_sculpted_prim
bin/OpenSim.ini.template,ODEPhysicsSettings,mesh_lod
bin/OpenSim.ini.template,ODEPhysicsSettings,mesh_physical_lod
bin/OpenSim.ini.template,ODEPhysicsSettings,MinSizeToMeshmerize
bin/OpenSim.ini.template,BulletSim,BulletEngine
bin/OpenSim.ini.template,BulletSim,UseSeparatePhysicsThread
bin/OpenSim.ini.template,BulletSim,TerrainImplementation
bin/OpenSim.ini.template,BulletSim,TerrainMeshMagnification
bin/OpenSim.ini.template,BulletSim,AvatarToAvatarCollisionsByDefault
bin/OpenSim.ini.template,BulletSim,AvatarHeightLowFudge
bin/OpenSim.ini.template,BulletSim,AvatarHeightMidFudge
bin/OpenSim.ini.template,BulletSim,AvatarHeightHighFudge
bin/OpenSim.ini.template,BulletSim,AvatarStepHeight
bin/OpenSim.ini.template,BulletSim,AvatarStepAngle
bin/OpenSim.ini.template,BulletSim,AvatarStepApproachFactor
bin/OpenSim.ini.template,BulletSim,AvatarStepGroundFudge
bin/OpenSim.ini.template,BulletSim,AvatarStepForceFactor
bin/OpenSim.ini.template,BulletSim,AvatarStepUpCorrectionFactor
bin/OpenSim.ini.template,BulletSim,AvatarStepSmoothingSteps
bin/OpenSim.ini.template,BulletSim,AvatarTerminalVelocity
bin/OpenSim.ini.template,BulletSim,LinkImplementation
bin/OpenSim.ini.template,BulletSim,LinksetOffsetCenterOfMass
bin/OpenSim.ini.template,BulletSim,MeshSculptedPrim
bin/OpenSim.ini.template,BulletSim,ForceSimplePrimMeshing
bin/OpenSim.ini.template,BulletSim,ShouldRemoveZeroWidthTriangles
bin/OpenSim.ini.template,BulletSim,ShouldUseAssetHulls
bin/OpenSim.ini.template,BulletSim,MaxCollisionsPerFrame
bin/OpenSim.ini.template,BulletSim,MaxUpdatesPerFrame
bin/OpenSim.ini.template,BulletSim,PhysicsLoggingEnabled
bin/OpenSim.ini.template,BulletSim,PhysicsLoggingDir
bin/OpenSim.ini.template,BulletSim,VehicleLoggingEnabled
bin/OpenSim.ini.template,RemoteAdmin,enabled
bin/OpenSim.ini.template,RemoteAdmin,port
bin/OpenSim.ini.template,RemoteAdmin,bind_ip_address
bin/OpenSim.ini.template,RemoteAdmin,access_password
bin/OpenSim.ini.template,RemoteAdmin,access_ip_addresses
bin/OpenSim.ini.template,RemoteAdmin,create_region_enable_voice
bin/OpenSim.ini.template,RemoteAdmin,create_region_public
bin/OpenSim.ini.template,RemoteAdmin,region_file_template
bin/OpenSim.ini.template,RemoteAdmin,region_limit
bin/OpenSim.ini.template,RemoteAdmin,enabled_methods
bin/OpenSim.ini.template,RemoteAdmin,default_male
bin/OpenSim.ini.template,RemoteAdmin,default_female
bin/OpenSim.ini.template,RemoteAdmin,copy_folders
bin/OpenSim.ini.template,RemoteAdmin,default_appearance
bin/OpenSim.ini.template,RestPlugins,enabled
bin/OpenSim.ini.template,RestPlugins,god_key
bin/OpenSim.ini.template,RestPlugins,prefix
bin/OpenSim.ini.template,RestPlugins,authenticate
bin/OpenSim.ini.template,RestPlugins,secured
bin/OpenSim.ini.template,IRC,enabled
bin/OpenSim.ini.template,Wind,enabled
bin/OpenSim.ini.template,Wind,wind_update_rate
bin/OpenSim.ini.template,Wind,wind_plugin
bin/OpenSim.ini.template,Wind,avg_strength
bin/OpenSim.ini.template,Wind,avg_direction
bin/OpenSim.ini.template,Wind,var_strength
bin/OpenSim.ini.template,Wind,var_direction
bin/OpenSim.ini.template,Wind,rate_change
bin/OpenSim.ini.template,Wind,strength
bin/OpenSim.ini.template,Trees,enabled
bin/OpenSim.ini.template,Trees,active_trees
bin/OpenSim.ini.template,Trees,update_rate
bin/OpenSim.ini.template,Trees,allowGrow
bin/OpenSim.ini.template,VectorRender,font_name
bin/OpenSim.ini.template,LL-Functions,AllowosConsoleCommand
bin/OpenSim.ini.template,LL-Functions,AllowGodFunctions
bin/OpenSim.ini.template,LL-Functions,RestrictEmail
bin/OpenSim.ini.template,LL-Functions,max_listens_per_region
bin/OpenSim.ini.template,LL-Functions,max_listens_per_script
bin/OpenSim.ini.template,LL-Functions,max_external_urls_per_simulator
bin/OpenSim.ini.template,LL-Functions,UseSimpleBoxesInGetBoundingBox
bin/OpenSim.ini.template,LL-Functions,AddStatsInGetBoundingBox
bin/OpenSim.ini.template,LL-Functions,LowerAvatarBoundingBoxStandingXconst
bin/OpenSim.ini.template,LL-Functions,UpperAvatarBoundingBoxStandingXconst
bin/OpenSim.ini.template,LL-Functions,LowerAvatarBoundingBoxStandingYconst
bin/OpenSim.ini.template,LL-Functions,UpperAvatarBoundingBoxStandingYconst
bin/OpenSim.ini.template,LL-Functions,LowerAvatarBoundingBoxStandingZconst
bin/OpenSim.ini.template,LL-Functions,LowerAvatarBoundingBoxStandingZcoeff
bin/OpenSim.ini.template,LL-Functions,UpperAvatarBoundingBoxStandingZconst
bin/OpenSim.ini.template,LL-Functions,UpperAvatarBoundingBoxStandingZcoeff
bin/OpenSim.ini.template,LL-Functions,LowerAvatarBoundingBoxGroundsittingXconst
bin/OpenSim.ini.template,LL-Functions,UpperAvatarBoundingBoxGroundsittingXconst
bin/OpenSim.ini.template,LL-Functions,LowerAvatarBoundingBoxGroundsittingYconst
bin/OpenSim.ini.template,LL-Functions,UpperAvatarBoundingBoxGroundsittingYconst
bin/OpenSim.ini.template,LL-Functions,LowerAvatarBoundingBoxGroundsittingZconst
bin/OpenSim.ini.template,LL-Functions,LowerAvatarBoundingBoxGroundsittingZcoeff
bin/OpenSim.ini.template,LL-Functions,UpperAvatarBoundingBoxGroundsittingZconst
bin/OpenSim.ini.template,LL-Functions,UpperAvatarBoundingBoxGroundsittingZcoeff
bin/OpenSim.ini.template,LL-Functions,LowerAvatarBoundingBoxSittingXconst
bin/OpenSim.ini.template,LL-Functions,UpperAvatarBoundingBoxSittingXconst
bin/OpenSim.ini.template,LL-Functions,LowerAvatarBoundingBoxSittingYconst
bin/OpenSim.ini.template,LL-Functions,UpperAvatarBoundingBoxSittingYconst
bin/OpenSim.ini.template,LL-Functions,LowerAvatarBoundingBoxSittingZconst
bin/OpenSim.ini.template,LL-Functions,LowerAvatarBoundingBoxSittingZcoeff
bin/OpenSim.ini.template,LL-Functions,UpperAvatarBoundingBoxSittingZconst
bin/OpenSim.ini.template,LL-Functions,UpperAvatarBoundingBoxSittingZcoeff
bin/OpenSim.ini.template,LL-Functions,PrimBoundingBoxSafetyCoefficientX
bin/OpenSim.ini.template,LL-Functions,PrimBoundingBoxSafetyCoefficientY
bin/OpenSim.ini.template,LL-Functions,PrimBoundingBoxSafetyCoefficientZ
bin/OpenSim.ini.template,LL-Functions,UseLlCastRayV3
bin/OpenSim.ini.template,LL-Functions,FloatToleranceInLlCastRay
bin/OpenSim.ini.template,LL-Functions,FloatTolerance2InLlCastRay
bin/OpenSim.ini.template,LL-Functions,PrimDetailLevelInLlCastRay
bin/OpenSim.ini.template,LL-Functions,SculptDetailLevelInLlCastRay
bin/OpenSim.ini.template,LL-Functions,MeshDetailLevelInLlCastRay
bin/OpenSim.ini.template,LL-Functions,AvatarDetailLevelInLlCastRay
bin/OpenSim.ini.template,LL-Functions,MaxHitsInLlCastRay
bin/OpenSim.ini.template,LL-Functions,MaxHitsPerPrimInLlCastRay
bin/OpenSim.ini.template,LL-Functions,MaxHitsPerObjectInLlCastRay
bin/OpenSim.ini.template,LL-Functions,DetectExitHitsInLlCastRay
bin/OpenSim.ini.template,LL-Functions,DoAttachmentsInLlCastRay
bin/OpenSim.ini.template,LL-Functions,ThrottleTimeInMsInLlCastRay
bin/OpenSim.ini.template,LL-Functions,AvailableTimeInMsPerRegionInLlCastRay
bin/OpenSim.ini.template,LL-Functions,AvailableTimeInMsPerAvatarInLlCastRay
bin/OpenSim.ini.template,LL-Functions,RequiredAvailableTimeInMsInLlCastRay
bin/OpenSim.ini.template,LL-Functions,MaximumAvailableTimeInMsInLlCastRay
bin/OpenSim.ini.template,LL-Functions,UseMeshCacheInLlCastRay
bin/OpenSim.ini.template,DataSnapshot,index_sims
bin/OpenSim.ini.template,DataSnapshot,data_exposure
bin/OpenSim.ini.template,DataSnapshot,gridname
bin/OpenSim.ini.template,DataSnapshot,default_snapshot_period
bin/OpenSim.ini.template,DataSnapshot,snapshot_cache_directory
bin/OpenSim.ini.template,DataSnapshot,DATA_SRV_CustomSearch
bin/OpenSim.ini.template,Economy,economymodule
bin/OpenSim.ini.template,Economy,SellEnabled
bin/OpenSim.ini.template,Economy,PriceUpload
bin/OpenSim.ini.template,Economy,PriceGroupCreate
bin/OpenSim.ini.template,Economy,ObjectCount
bin/OpenSim.ini.template,Economy,PriceEnergyUnit
bin/OpenSim.ini.template,Economy,PriceObjectClaim
bin/OpenSim.ini.template,Economy,PricePublicObjectDecay
bin/OpenSim.ini.template,Economy,PricePublicObjectDelete
bin/OpenSim.ini.template,Economy,PriceParcelClaim
bin/OpenSim.ini.template,Economy,PriceParcelClaimFactor
bin/OpenSim.ini.template,Economy,PriceRentLight
bin/OpenSim.ini.template,Economy,TeleportMinPrice
bin/OpenSim.ini.template,Economy,TeleportPriceExponent
bin/OpenSim.ini.template,Economy,EnergyEfficiency
bin/OpenSim.ini.template,Economy,PriceObjectRent
bin/OpenSim.ini.template,Economy,PriceObjectScaleFactor
bin/OpenSim.ini.template,Economy,PriceParcelRent
bin/OpenSim.ini.template,Economy,MeshModelAllowTextureToInventory
bin/OpenSim.ini.template,Concierge,enabled
bin/OpenSim.ini.template,Concierge,whoami
bin/OpenSim.ini.template,Concierge,password
bin/OpenSim.ini.template,Concierge,regions
bin/OpenSim.ini.template,Concierge,welcomes
bin/OpenSim.ini.template,Concierge,broker
bin/OpenSim.ini.template,Hypergrid,safemode
bin/OpenSim.ini.template,FreeSwitchVoice,Enabled
bin/OpenSim.ini.template,FreeSwitchVoice,LocalServiceModule
bin/OpenSim.ini.template,FreeSwitchVoice,FreeswitchServiceURL
bin/OpenSim.ini.template,VivoxVoice,enabled
bin/OpenSim.ini.template,VivoxVoice,vivox_server
bin/OpenSim.ini.template,VivoxVoice,vivox_sip_uri
bin/OpenSim.ini.template,VivoxVoice,vivox_admin_user
bin/OpenSim.ini.template,VivoxVoice,vivox_admin_password
bin/OpenSim.ini.template,VivoxVoice,vivox_channel_type
bin/OpenSim.ini.template,VivoxVoice,vivox_channel_distance_model
bin/OpenSim.ini.template,VivoxVoice,vivox_channel_mode
bin/OpenSim.ini.template,VivoxVoice,vivox_channel_roll_off
bin/OpenSim.ini.template,VivoxVoice,vivox_channel_max_range
bin/OpenSim.ini.template,VivoxVoice,vivox_channel_clamping_distance
bin/OpenSim.ini.template,Groups,Enabled
bin/OpenSim.ini.template,Groups,Module
bin/OpenSim.ini.template,Groups,NoticesEnabled
bin/OpenSim.ini.template,Groups,DebugEnabled
bin/OpenSim.ini.template,Groups,DebugMessagingEnabled
bin/OpenSim.ini.template,Groups,GroupsCacheTimeout
bin/OpenSim.ini.template,Groups,MessagingModule
bin/OpenSim.ini.template,Groups,MessagingEnabled
bin/OpenSim.ini.template,Groups,MessageOnlineUsersOnly
bin/OpenSim.ini.template,Groups,ServicesConnectorModule
bin/OpenSim.ini.template,Groups,GroupsServerURI
bin/OpenSim.ini.template,Groups,XmlRpcServiceReadKey
bin/OpenSim.ini.template,Groups,XmlRpcServiceWriteKey
bin/OpenSim.ini.template,Groups,XmlRpcDisableKeepAlive
bin/OpenSim.ini.template,Groups,LevelGroupCreate
bin/OpenSim.ini.template,PacketPool,RecyclePackets
bin/OpenSim.ini.template,PacketPool,RecycleDataBlocks
bin/OpenSim.ini.template,PacketPool,RecycleBaseUDPPackets
bin/OpenSim.ini.template,InterestManagement,UpdatePrioritizationScheme
bin/OpenSim.ini.template,InterestManagement,ReprioritizationEnabled
bin/OpenSim.ini.template,InterestManagement,ReprioritizationInterval
bin/OpenSim.ini.template,InterestManagement,RootReprioritizationDistance
bin/OpenSim.ini.template,InterestManagement,ChildReprioritizationDistance
bin/OpenSim.ini.template,InterestManagement,ObjectsCullingByDistance
bin/OpenSim.ini.template,InterestManagement,RootTerseUpdatePeriod
bin/OpenSim.ini.template,InterestManagement,ChildTerseUpdatePeriod
bin/OpenSim.ini.template,InterestManagement,RootPositionUpdateTolerance
bin/OpenSim.ini.template,InterestManagement,RootRotationUpdateTolerance
bin/OpenSim.ini.template,InterestManagement,RootVelocityUpdateTolerance
bin/OpenSim.ini.template,Monitoring,Enabled
bin/OpenSim.ini.template,Monitoring,ServerStatsEnabled
bin/OpenSim.ini.template,WebStats,enabled
bin/OpenSim.ini.template,Statistics,NumberOfFrames
bin/OpenSim.ini.template,MediaOnAPrim,Enabled
bin/OpenSim.ini.template,NPC,Enabled
bin/OpenSim.ini.template,NPC,MaxNumberNPCsPerScene
bin/OpenSim.ini.template,NPC,AllowNotOwned
bin/OpenSim.ini.template,NPC,AllowSenseAsAvatar
bin/OpenSim.ini.template,NPC,AllowCloneOtherAvatars
bin/OpenSim.ini.template,NPC,NoNPCGroup
bin/OpenSim.ini.template,Terrain,InitialTerrain
bin/OpenSim.ini.template,Terrain,SendTerrainUpdatesByViewDistance
bin/OpenSim.ini.template,LandManagement,LimitParcelLayerUpdateDistance
bin/OpenSim.ini.template,LandManagement,ParcelLayerViewDistance
bin/OpenSim.ini.template,LandManagement,ShowParcelBansLines
bin/OpenSim.ini.template,LandManagement,BanLineSafeHeight
bin/OpenSim.ini.template,LandManagement,DefaultAdministratorParcelName
bin/OpenSim.ini.template,LandManagement,DefaultAdministratorGroupUUID
bin/OpenSim.ini.template,LandManagement,DefaultAdministratorOwnerUUID
bin/OpenSim.ini.template,JsonStore,Enabled
bin/OpenSim.ini.template,JsonStore,EnableObjectStore
bin/OpenSim.ini.template,JsonStore,MaxStringSpace
bin/OpenSim.ini.template,AssetService,DefaultAssetLoader
bin/OpenSim.ini.template,AssetService,AssetLoaderArgs
bin/OpenSim.ini.template,AssetService,AssetLoaderEnabled
bin/OpenSim.ini.template,GridService,StorageProvider
bin/OpenSim.ini.template,AutoBackupModule,AutoBackupModuleEnabled
bin/OpenSim.ini.template,Sounds,Module
bin/OpenSim.ini.template,Sounds,MaxDistance
bin/OpenSim.ini.template,ServiceThrottle,Interval
bin/OpenSim.ini.template,Dwell,DwellModule
bin/OpenSim.ini.template,ServerReleaseNotes,ServerReleaseNotesURL
bin/OpenSim.ini.template,Modules,Include-modules
bin/OpenSim.ini.template,OSSL,Include-osslDefaultEnable
bin/OpenSim.ini.template,Architecture,Include-Architecture
