Setting,Module(s),Nature of violation,Estimated fix complexity
inimaster (SOLVED),OpenSim/Region/Application/ConfigurationLoader.cs,"Missing/none allows bypass of canonical template; must be enforced to keep template authoritative",Low
inifile (SOLVED),OpenSim/Region/Application/ConfigurationLoader.cs,"Missing OpenSim.ini previously allowed fallback; must be explicit to keep master-derived ini authoritative",Low
ConfigDirectory (SOLVED),"OpenSim/Framework/Util.cs; OpenSim/Server/Base/ServicesServerBase.cs; OpenSim/Region/Application/OpenSimBase.cs","Multiple readers with differing defaults (""."" vs String.Empty) cause inconsistent path resolution",Medium
RegistryLocation (SOLVED),"OpenSim/Server/ServerMain.cs; OpenSim/Region/Application/OpenSimBase.cs","Conflicting defaults (""."" vs String.Empty) can switch plugin load path unexpectedly",Medium
regionload_regionsdir (SOLVED),"OpenSim/Region/Application/OpenSim.cs; OpenSim/ApplicationPlugins/LoadRegions/RegionLoaderFileSystem.cs; OpenSim/ApplicationPlugins/RemoteController/RemoteAdminPlugin.cs","Multiple readers with defaults can ignore intended directory when missing/blank",Medium
physics (SOLVED),"OpenSim/Region/Application/ConfigurationLoader.cs; OpenSim/Region/PhysicsModules/BasicPhysics/BasicPhysicsScene.cs; OpenSim/Region/PhysicsModules/BulletS/BSScene.cs; OpenSim/Region/PhysicsModules/BulletS/ExtendedPhysics.cs; OpenSim/Region/PhysicsModules/POS/POSScene.cs; OpenSim/Region/PhysicsModules/ubOde/ODEModule.cs","Multiple readers with empty-string defaults; can bypass canonical config selection",Medium
meshing (SOLVED),"OpenSim/Region/Application/ConfigurationLoader.cs; OpenSim/Region/PhysicsModules/ubOde/ODEModule.cs; OpenSim/Region/PhysicsModules/ubOdeMeshing/Meshmerizer.cs; OpenSim/Region/PhysicsModules/Meshing/ZeroMesher.cs; OpenSim/Region/PhysicsModules/Meshing/Meshmerizer/Meshmerizer.cs","Multiple readers with empty-string defaults; can bypass canonical config selection",Medium
TilesStoragePath (SOLVED),"OpenSim/Services/MapImageService/MapImageService.cs; OpenSim/Region/CoreModules/World/WorldMap/WorldMapModule.cs; OpenSim/Region/CoreModules/World/Warp3DMap/Warp3DImageModule.cs","Default ""maptiles"" used when unset; template lacks explicit key, path can be implicit or wrong",Low
MapTileDirectory (SOLVED),OpenSim/Services/GridService/HypergridLinker.cs,"Default ""maptiles"" used when unset; template lacks explicit key, path can be implicit or wrong",Low
