Section,Key,Status,Notes
SMTP,CertRenewOnStartup,NOT READ,mentioned in code but not read via config getter
Map,GenerateMaptiles,NOT READ,mentioned in code but not read via config getter
Map,WorldMapModule,NOT READ,mentioned in code but not read via config getter
Map,MapImageModule,NOT READ,mentioned in code but not read via config getter
Map,BlacklistTimeout,NOT READ,mentioned in code but not read via config getter
Map,MaptileRefresh,NOT READ,mentioned in code but not read via config getter
Map,DrawPrimOnMapTile,NOT READ,mentioned in code but not read via config getter
Map,TextureOnMapTile,NOT READ,mentioned in code but not read via config getter
Map,TexturePrims,NOT READ,mentioned in code but not read via config getter
Map,TexturePrimSize,NOT READ,mentioned in code but not read via config getter
Map,RenderMeshes,NOT READ,mentioned in code but not read via config getter
Map,RenderMaxHeight,NOT READ,mentioned in code but not read via config getter
Map,RenderMinHeight,NOT READ,mentioned in code but not read via config getter
Permissions,permissionmodules,NOT READ,mentioned in code but not read via config getter
Permissions,serverside_object_permissions,NOT READ,mentioned in code but not read via config getter
Permissions,allow_grid_gods,NOT READ,mentioned in code but not read via config getter
Permissions,region_owner_is_god,NOT READ,mentioned in code but not read via config getter
Permissions,region_manager_is_god,NOT READ,mentioned in code but not read via config getter
Permissions,automatic_gods,NOT READ,mentioned in code but not read via config getter
Permissions,implicit_gods,NOT READ,mentioned in code but not read via config getter
Permissions,allowed_script_creators,NOT READ,mentioned in code but not read via config getter
Permissions,allowed_script_editors,NOT READ,mentioned in code but not read via config getter
Messaging,InstantMessageModule,NOT READ,mentioned in code but not read via config getter
BulletSim,UseSeparatePhysicsThread,NOT READ,mentioned in code but not read via config getter
BulletSim,TerrainImplementation,NOT READ,mentioned in code but not read via config getter
BulletSim,TerrainMeshMagnification,NOT READ,mentioned in code but not read via config getter
BulletSim,AvatarToAvatarCollisionsByDefault,NOT READ,mentioned in code but not read via config getter
BulletSim,AvatarHeightLowFudge,NOT READ,mentioned in code but not read via config getter
BulletSim,AvatarHeightMidFudge,NOT READ,mentioned in code but not read via config getter
BulletSim,AvatarHeightHighFudge,NOT READ,mentioned in code but not read via config getter
BulletSim,AvatarStepHeight,NOT READ,mentioned in code but not read via config getter
BulletSim,AvatarStepAngle,NOT READ,mentioned in code but not read via config getter
BulletSim,AvatarStepApproachFactor,NOT READ,mentioned in code but not read via config getter
BulletSim,AvatarStepGroundFudge,NOT READ,mentioned in code but not read via config getter
BulletSim,AvatarStepForceFactor,NOT READ,mentioned in code but not read via config getter
BulletSim,AvatarStepUpCorrectionFactor,NOT READ,mentioned in code but not read via config getter
BulletSim,AvatarStepSmoothingSteps,NOT READ,mentioned in code but not read via config getter
BulletSim,AvatarTerminalVelocity,NOT READ,mentioned in code but not read via config getter
BulletSim,LinksetOffsetCenterOfMass,NOT READ,mentioned in code but not read via config getter
BulletSim,MeshSculptedPrim,NOT READ,mentioned in code but not read via config getter
BulletSim,ForceSimplePrimMeshing,NOT READ,mentioned in code but not read via config getter
BulletSim,ShouldRemoveZeroWidthTriangles,NOT READ,mentioned in code but not read via config getter
BulletSim,ShouldUseAssetHulls,NOT READ,mentioned in code but not read via config getter
BulletSim,MaxCollisionsPerFrame,NOT READ,mentioned in code but not read via config getter
BulletSim,MaxUpdatesPerFrame,NOT READ,mentioned in code but not read via config getter
RestPlugins,prefix,NOT READ,mentioned in code but not read via config getter
RestPlugins,authenticate,NOT READ,mentioned in code but not read via config getter
RestPlugins,secured,NOT READ,mentioned in code but not read via config getter
ServiceThrottle,Interval,NOT READ,mentioned in code but not read via config getter
Dwell,DwellModule,NOT READ,mentioned in code but not read via config getter
